,country,city_name,code,guide_type,title
0,Netherlands,Amsterdam,75545,가이드 투어,[프라이빗 투어] 암스테르담 출발 베네룩스 3국 6일 투어 (네덜란드/벨기에/룩셈부르크) 
1,Netherlands,Lisse,67398,스냅촬영,[스냅] (4시간) 네덜란드 최고의 큐켄호프 튤립 축제에서 멋진 사진을! (네덜란드/리세)
2,Netherlands,Hague,53194,여행편의,[통역] 네덜란드 한국어-영어 통역 (네덜란드/헤이그)
3,Netherlands,Giethoorn,60152,가이드 투어,[투어] 1-2인 여행자를 위한 영어 가이드 투어 - 네덜란드 히트호른 & 북해 대제방
4,France,Paris,61515,가이드 투어,[투어] 유럽 버스투어 '핏팩&유로파문도' 암스테르담&파리 6일
5,Netherlands,Amsterdam,50476,가이드 투어,[투어] 네덜란드와 벨기에 한 번에 끝내기 10일 투어 (네덜란드/암스테르담)
6,Netherlands,Amsterdam,18614,스냅촬영,"[스냅] (3시간) 암스테르담 스냅, 여행을 예술로 남기세요. :: 네덜란드/암스테르담"
7,Netherlands,Rotterdam,47481,가이드 투어,[투어] 건축가와 함께하는 로테르담 도시 산책 :: 네덜란드/로테르담
8,United Kingdom,London,66554,여행편의,"[인천공항 수령] 유럽 유심 - EE/Three 유심 3종 / (영국 유심, 프랑스 유심, 독일 유심, 이탈리아 유심, 스페인 유심, 유럽 주요국가 사용 가능)"
9,France,Paris,53666,여행편의,"[공항유심] -더블데이터 프로모션 - KPN유심, TDC유심, 쓰리유심 ( 수령비 무료)"
10,Germany,Berlin,12350,가이드 투어,[투어] 하루에 다 보는 베를린 가이드 투어  (독일/베를린)
11,Germany,Berlin,51459,가이드 투어,[투어] 현지 미술사 대학원생이 설명하는 박물관 섬(뮤지엄 인젤) [최대 6인] (독일/베를린)
12,Germany,Nordreihn Westfalen,51095,가이드 투어,[투어] 쾰른 밤 산책 :: 독일/쾰른
13,Germany,Munchen,11558,가이드 투어,뮌헨근교 당일치기 넘버원! 퓌센 노이슈반슈타인성으로 떠나는 시간여행
14,Czech Republic,Praha,8693,가이드 투어,"[1+1이벤트/가격할인]프라하근교차량투어""독일 드레스덴&작센의스위스""(#할인쿠폰제공#) "
15,Germany,Nürnberg,78384,가이드 투어,[유럽리버크루즈] 로맨틱 라인강 유럽리버크루즈 8일 - 스위스/프랑스/독일/네덜란드
16,Germany,Berlin,74967,가이드 투어,[투어] 베를린에서 만나는 클래식과 모던 (독일/베를린)
17,Germany,Stuttgart,75836,가이드 투어,[투어] 자동차디자이너와 함께가는 메르세데스-벤츠박물관! (독일/슈투트가르트)
18,United Kingdom,London,66554,여행편의,"[인천공항 수령] 유럽 유심 - EE/Three 유심 3종 / (영국 유심, 프랑스 유심, 독일 유심, 이탈리아 유심, 스페인 유심, 유럽 주요국가 사용 가능)"
19,France,Paris,53666,여행편의,"[공항유심] -더블데이터 프로모션 - KPN유심, TDC유심, 쓰리유심 ( 수령비 무료)"
20,Luxembourg,Luxembourg,30767,가이드 투어,**브뤼셀출발** 룩셈부르크+디낭 소규모 차량투어 
21,Luxembourg,Luxembourg,7782,가이드 투어,"[룩셈부르크]주요 포인트만 모아보는 반짝, 시내투어"
22,Luxembourg,Luxembourg,7781,가이드 투어,[룩셈부르크] Villeroy & Boch 아울렛 쇼핑
23,United Kingdom,London,66554,여행편의,"[인천공항 수령] 유럽 유심 - EE/Three 유심 3종 / (영국 유심, 프랑스 유심, 독일 유심, 이탈리아 유심, 스페인 유심, 유럽 주요국가 사용 가능)"
24,France,Paris,53666,여행편의,"[공항유심] -더블데이터 프로모션 - KPN유심, TDC유심, 쓰리유심 ( 수령비 무료)"
25,Germany,Dusseldorf,60636,여행편의,"[무료 배송] 유럽 유심 - EE/Three/KPN 유심 5종 / (영국 유심, 프랑스 유심, 독일 유심, 이탈리아 유심, 스페인 유심, 유럽 주요국가 사용 가능)"
26,Germany,Munchen,34163,여행편의,[플레이유심]데이터2배제공 이벤트중 KPN/쓰리/EU 유럽유심 (공항수령무료/출국전일가능)
27,United Kingdom,London,76622,여행편의,"[유럽 유심] Vodafone 유럽 통합유심 데이터 3GB, 10GB, 20GB /30일"
28,Czech Republic,Praha,53676,여행편의,[플레이유심] *데이터2배 이벤트중! LTE 유럽유심 KPN 데이터/통화유심(출국전일가능)
29,United States of America,Hawaii,35342,스냅촬영,"[인천공항수령] 미러리스 카메라 1일 대여권, 소니 A5100"
30,Monaco,Monaco,31811,스냅촬영,[모나코스냅][남프랑스스냅] 모나코 왕국에서 영화같은 인생사진을! 스냅촬영 1시간
31,Monaco,Monaco,20660,스냅촬영,[모나코스냅][남프랑스스냅] 모나코 왕국에서 영화같은 인생사진을! 스냅촬영 2시간
32,Monaco,Monaco,16167,가이드 투어,남프랑스 4박 5일 투어 [유일한 파리정식여행사(관광청.교통부)]
33,Monaco,Monaco,81298,가이드 투어,모나코 출발 : 모나코 & 몬테 카를로 & 에즈 빌리지 반나절 투어
34,Monaco,Monaco,81296,가이드 투어,모나코 출발 : 코트 다쥐르(프랑스 리비에라) 당일치기 투어
35,Monaco,Monaco,77139,티켓/교통패스,모나코 : 시티투어 버스 패스 (1일권/2일권)
36,France,Nice,73657,가이드 투어,이남일 가이드의 남프랑스 미니팩 2박3일 / 5박6일
37,France,Nice,50898,가이드 투어,프랑스 리베이라 지방 프라이빗 반일 투어
38,France,Nice,50896,가이드 투어,[니스 출발] 모나코 & 에즈 전일 투어
39,France,Nice,50894,가이드 투어,[니스 출발] 모나코 & 몬테 카를로 & 에즈 전일 투어
40,Netherlands,Amsterdam,75545,가이드 투어,[프라이빗 투어] 암스테르담 출발 베네룩스 3국 6일 투어 (네덜란드/벨기에/룩셈부르크) 
41,Belgium,Bruges,73773,가이드 투어,[투어] 하루만에 벨기에 겐트+브뤼헤를 둘러보는 워킹투어 (벨기에/겐트/브뤼헤)
42,Belgium,Bruges,71375,가이드 투어,[투어] 중세도시 벨기에 브뤼헤 워킹투어 (벨기에/브뤼헤)
43,France,Paris,41116,가이드 투어,[투어] 벨기에 투어 - 브뤼헤 + 브뤼셀 (야경+맛집+사진+숙소샌딩) :: 프랑스/파리
44,France,Paris,46949,가이드 투어,[2020 신년이벤트]톡투유 벨기에 드림투어(숙소샌딩포함)(파리출발 당일투어)
45,Belgium,Bruges,39659,가이드 투어,[투어] 브뤼헤 워킹투어 (BRUGGE) :: 벨기에/브뤼헤
46,Belgium,Brussel,39761,가이드 투어,[투어] 겐트(헨트) 워킹투어 :: 벨기에/겐트
47,Belgium,Brussel,35501,가이드 투어,[투어] 브뤼셀 워킹투어 :: 벨기에/브뤼셀
48,United Kingdom,London,66554,여행편의,"[인천공항 수령] 유럽 유심 - EE/Three 유심 3종 / (영국 유심, 프랑스 유심, 독일 유심, 이탈리아 유심, 스페인 유심, 유럽 주요국가 사용 가능)"
49,France,Paris,53666,여행편의,"[공항유심] -더블데이터 프로모션 - KPN유심, TDC유심, 쓰리유심 ( 수령비 무료)"
50,Switzerland,Interlaken,40529,가이드 투어,[투어] 한국인 가이드와 융프라우요흐(Jungfraujoch) 투어 : 스위스/인터라켄
51,Switzerland,Interlaken,26442,액티비티,[투어] 최다 후기 & 믿고 예약하는 패러글라이딩 :: 스위스/인터라켄
52,Switzerland,Zurich,74014,가이드 투어,[투어] 스위스의 베스트 여행지들만 한 번에 모은 9일 루트! (취리히 출발)
53,Switzerland,Interlaken,78080,가이드 투어,"[투어] 드라마 사랑의불시착, 스위스 촬영지 하루 가이드 투어 (스위스/인터라켄)"
54,Switzerland,Zurich,73299,가이드 투어,[이색투어] 스위스 취리히 현지인들이 가는 핫한 칵테일바 콕 찝어서 가기
55,Switzerland,Bern,67980,가이드 투어,"이야기가 있는 ""베른 워킹투어"" (그룹투어) (스위스/베른)"
56,Switzerland,geneva,75174,가이드 투어,[투어] 스위스 제네바의 새로운 발견! 로컬가이드와 함께 힐링 워킹투어! (스위스/제네바)
57,Switzerland,luzern,74203,티켓/교통패스,파노라마 요트 크루즈 사피르를 타고 만나는 루체른!
58,United Kingdom,London,66554,여행편의,"[인천공항 수령] 유럽 유심 - EE/Three 유심 3종 / (영국 유심, 프랑스 유심, 독일 유심, 이탈리아 유심, 스페인 유심, 유럽 주요국가 사용 가능)"
59,Switzerland,Interlaken,62071,티켓/교통패스,스위스 패스 연속권  E-티켓 (2등석)
60,Ireland,Dublin,79224,가이드 투어,[한국어 투어]아일랜드 더블린 근교 유적지 타라언덕 & 트림캐슬 (아이리쉬 티타임 포함)
61,Ireland,Dublin,65977,가이드 투어,[한국어] 더블린과 위클로우 (한 번에 두 가지 여행) (아일랜드/더블린)
62,Ireland,galway,65900,가이드 투어,"[한국어] 1박2일 아일랜드 서부여행 - 모허절벽, 골웨이, 코네마라(더블린출발)"
63,Ireland,northern ireland,65898,가이드 투어,[한국어] 북아일랜드 Top5 일일투어 (아일랜드 더블린출발/북아일랜드/벨파스트)
64,Ireland,Sligo,65828,가이드 투어,[한국어] 아일랜드 슬라이고 일일투어 - 문학투어 (아일랜드/슬라이고/더블린 출발)
65,Ireland,Dublin,65659,가이드 투어,[한국어] 더블린 시티투어 명소 TOP 10 (아일랜드/더블린)
66,Ireland,Dublin,66058,가이드 투어,"[한국어] 아일랜드 일주 3박4일 (더블린 출발 /서부, 골웨이 /북아일랜드, 벨파스트)"
67,Ireland,Dublin,66801,가이드 투어,[한국어] 아이리쉬 펍 순례 X 기네스 투어 X 아일랜드 더블린 야간투어
68,United Kingdom,London,66554,여행편의,"[인천공항 수령] 유럽 유심 - EE/Three 유심 3종 / (영국 유심, 프랑스 유심, 독일 유심, 이탈리아 유심, 스페인 유심, 유럽 주요국가 사용 가능)"
69,France,Paris,53666,여행편의,"[공항유심] -더블데이터 프로모션 - KPN유심, TDC유심, 쓰리유심 ( 수령비 무료)"
70,United Kingdom,London,2246,가이드 투어,★브랜드대상1위/옥스포드+코츠월드(+비스터빌리지)/점심+해리포터 목도리 제공 (2만원상당)
71,United Kingdom,London,10725,가이드 투어,"세븐시스터즈,브라이튼 투어 [죽기 전에 꼭 가 봐야할 곳] "
72,United Kingdom,London,27564,가이드 투어,[세븐시스터즈+브라이튼]#런던1위#재미와 감동이 있는 소풍투어# 시즌특가 7만9천원
73,United Kingdom,London,27527,가이드 투어,#런던 로맨틱 야경투어# [런던소풍]가이드와 함께 안전하고 즐거운 야경투어와 인생사진!
74,United Kingdom,London,11400,가이드 투어,[오전/오후 택1] 내셔널갤러리 유럽역사 그림 탐방 
75,United Kingdom,London,44373,가이드 투어,[오전/오후] 내셔널갤러리 반일 투어 [매일 출발~]
76,United Kingdom,London,5017,가이드 투어,[스톤헨지투어 1위 !!] 세계 7대불가사의 스톤헨지+바스+코츠월드 (캐슬쿰) 
77,United Kingdom,London,11399,가이드 투어,[오전/오후 택1] 대영 박물관 세계사 시간 여행
78,United Kingdom,London,66554,여행편의,"[인천공항 수령] 유럽 유심 - EE/Three 유심 3종 / (영국 유심, 프랑스 유심, 독일 유심, 이탈리아 유심, 스페인 유심, 유럽 주요국가 사용 가능)"
79,United Kingdom,London,61604,티켓/교통패스,런던 : 히드로 익스프레스 티켓
80,Austria,Vienna,67040,가이드 투어,"[최고 인기 투어] 짱! 재밌는 비엔나 핵심명소 투어 :: 벨베데레, 쇤부른 포함"
81,Czech Republic,Praha,31398,가이드 투어,[사전예약 30%할인/무료스냅] 최대 7인 할슈타트+고사우+체스키 당일투어 (프라하출발)
82,Austria,Vienna,61730,가이드 투어,[인기최고! 알찬투어!] 비엔나 핵심 명소투어  국가공인 로컬가이드와 함께!!
83,Austria,Vienna,48505,가이드 투어,[베스트셀러] 최고의 일정 감동 투어 :: 오스트리아/비엔나
84,Austria,Vienna,71463,가이드 투어,[WIEN] 맞춤형 미술관  박물관  시내 관광 [VIENNA] (오스트리아/비엔나)
85,Austria,Vienna,65339,가이드 투어,"[소수정예 고퀄 보장 투어] 비엔나핵심, 벨베데레, 쇤부른 포함 [최대10명 제한]"
86,Czech Republic,Praha,59701,가이드 투어,[최장기간/최다햇수] 프라하 출발 > 체스키크롬로프+할슈타트+고사우 당일 치기 투어 (체코/프라하)
87,Czech Republic,Praha,27205,가이드 투어,[오스트리아/체코]프라하 할슈타트+고사우+체스키크롬로프여행차량투어(최대6명)
88,United Kingdom,London,66554,여행편의,"[인천공항 수령] 유럽 유심 - EE/Three 유심 3종 / (영국 유심, 프랑스 유심, 독일 유심, 이탈리아 유심, 스페인 유심, 유럽 주요국가 사용 가능)"
89,France,Paris,53666,여행편의,"[공항유심] -더블데이터 프로모션 - KPN유심, TDC유심, 쓰리유심 ( 수령비 무료)"
90,Italy,Roma,7511,가이드 투어,::당일예약가능::[오전/오후]바티칸반일투어SKIP THE LINE/바티칸회화관+베드로성당
91,Italy,Roma,2007,가이드 투어,★[10주년 50% 할인이벤트] 바티칸 집중콘서트(반일투어) 
92,Italy,Firenze,4423,가이드 투어,"[공인가이드] 소수인원 우피치 미술관  (오전반,오후반) "
93,Italy,Roma,2398,가이드 투어,"::당일예약가능:: 이탈리아 남부투어(3,100건이상 최다후기/포지타노/이브닝투어무료)"
94,Italy,Roma,5638,가이드 투어,[투어] 줄 안서는 바티칸 오전반일 투어(회화관 최초입성)
95,Italy,Firenze,2853,가이드 투어, (당일예약가능) 피렌체 야경투어 [야경투어 기념사진] 
96,Italy,Roma,2112,가이드 투어,#[딱 한달만!! 한정 초특가 / 소수그룹 / 로마시내 종일투어] 로마 정복콘서트
97,Italy,Firenze,30052,가이드 투어,[피렌체] 한방에 끝내기!! 시내 야경 투어!! (미켈란젤로 언덕)
98,United Kingdom,London,66554,여행편의,"[인천공항 수령] 유럽 유심 - EE/Three 유심 3종 / (영국 유심, 프랑스 유심, 독일 유심, 이탈리아 유심, 스페인 유심, 유럽 주요국가 사용 가능)"
99,Italy,Roma,37900,여행편의,로마 : 도심(테르미니역)→피우미치노 공항 편도 셔틀 버스(E티켓 제시)
100,France,Paris,53690,가이드 투어,"[감동1위:) 스냅작가 동행] 같이 걸어요,  파리야경 음악투어(스냅40장+a 제공)"
101,France,Paris,43462,가이드 투어,"[평점5.0/파리시내_하루]*소수정예* 핵심 관광명소 및 로컬장소까지, 파리시내 하루완성!"
102,France,Paris,2654,가이드 투어,[1+7이벤트]몽생미셸S야경투어+파리야경스냅투어+워킹투어6종제공+숙소샌딩#후기2500건이상
103,France,Paris,32624,가이드 투어,[투어] (공인해설사) 루브르 가이드 투어 :: 200분 핵심작품 관람 :: 프랑스/파리
104,France,Paris,40783,가이드 투어,"[평점4.9/파리야경_낭만]*소수정예* 파리시청에서 에펠탑까지, 영화속 파리로 떠나는 여행"
105,France,Paris,54450,가이드 투어,[감동1위:) 스냅작가 동행] 몽마르트&파리시내 완전정복+현지꿀팁까지! (스냅30장+a)
106,France,Paris,52174,가이드 투어,[평점4.9/파리근교_감성]★베르사유궁전 내부설명포함★+정원+지베르니+고흐마을(*얼리버드)
107,France,Paris,50051,가이드 투어,"[투어] (소규모) 당신의 인생 오르세 미술관 투어, 강효주 공인 가이드와 빠른입장 (프랑스/파리)"
108,France,Paris,61875,티켓/교통패스,[바로사용] 파리 바토무슈 유람선(크루즈) 탑승권 티켓
109,United Kingdom,London,66554,여행편의,"[인천공항 수령] 유럽 유심 - EE/Three 유심 3종 / (영국 유심, 프랑스 유심, 독일 유심, 이탈리아 유심, 스페인 유심, 유럽 주요국가 사용 가능)"
110,Greece,Athens,41487,가이드 투어,[투어] 아테네 맞춤 워킹 투어 :: 그리스/아테네
111,Greece,Athens,72801,가이드 투어,[투어] 아테네와 포세이돈 신전 차량투어 (그리스/아테네)
112,Greece,Santorini,60155,스냅촬영,[스냅] 로컬만 아는 숨겨진 스팟에서의 스냅촬영 (그리스/산토리니)
113,Greece,Athens,48293,가이드 투어,[투어] 전세계 가족들과 함께하는 그리스 9박 10일 힐링여행 :: 그리스/아테네
114,Greece,Delphi,41876,가이드 투어,[투어] 1일 델피(Delfi) 투어 :: 그리스/델포이
115,Greece,Corinth,41247,가이드 투어,1일 아테네와 고린도 맞춤 차량 투어
116,Greece,Athens,39358,여행편의,아테네 맞춤 픽업/샌딩 : 그리스/아테네
117,Greece,Athens,30028,가이드 투어,"유일한 고대 아테네 문화산책 투어,  페리파토"
118,United Kingdom,London,66554,여행편의,"[인천공항 수령] 유럽 유심 - EE/Three 유심 3종 / (영국 유심, 프랑스 유심, 독일 유심, 이탈리아 유심, 스페인 유심, 유럽 주요국가 사용 가능)"
119,France,Paris,53666,여행편의,"[공항유심] -더블데이터 프로모션 - KPN유심, TDC유심, 쓰리유심 ( 수령비 무료)"
120,Montenegro,Kotor,22345,가이드 투어,몬테네그로 일일투어 / 두브로브니크 출발 
121,Montenegro,Hercegnovi,77052,액티비티,헤르체크노비 출발 : 타라강에서 즐기는 급류 래프팅 투어
122,Montenegro,Tivat,77051,액티비티,티바트 출발 : 타라강에서 즐기는 급류 래프팅 투어
123,Montenegro,Kotor,77050,액티비티,부드바 출발 : 타라강에서 즐기는 급류 래프팅 투어
124,Montenegro,Kotor,77047,가이드 투어,헤르체그노비 출발 : 코토르 보카 베이 크루즈 투어
125,Montenegro,Kotor,77046,가이드 투어,티바트 출발 : 코토르 보카 베이 크루즈 투어
126,Montenegro,Hercegnovi,77040,가이드 투어,헤르체그노비 출발 : 몬테네그로 일일 투어 (로브첸 국립공원 포함)
127,Montenegro,Tivat,77039,가이드 투어,티바트 출발 : 몬테네그로 일일 투어 (로브첸 국립공원 포함)
128,Montenegro,Kotor,77049,액티비티,코토르 : 타라강에서 즐기는 급류 래프팅 투어
129,Montenegro,Budva,77037,가이드 투어,부드바 출발 : 몬테네그로 일일 투어 (로브첸 국립공원 포함)
130,Malta,Malta,73487,가이드 투어,[투어] 걸어서 세계 속으로 메인 코디의 몰타 전일 투어 (몰타/발레타/라밧/임디나)
131,Malta,Malta,73602,가이드 투어,[투어]걸어서 세계 속으로 메인 코디의 고조섬 전일 투어(택시비포함) (몰타/고조)
132,Malta,Malta,73284,가이드 투어,[투어] 걸어서 세계속으로 메인 코디의 성지순례 전일투어(입장료포함) (몰타/임디나)
133,Malta,Malta,62035,가이드 투어,[투어]걸어서세계속으로 메인코디의 라밧-임디나 반일 투어(입장료 포함)(몰타/라밧/임디나)
134,Malta,Malta,58667,가이드 투어,[투어]걸어서세계속으로 메인코디의 수도발레타 반일투어(입장료포함) (몰타/발레타)
135,Malta,Valleta,58646,스냅촬영,[스냅] (2시간) 몰타의 수도 발레타 스냅 촬영 (몰타/발레타)
136,Malta,Malta,47381,가이드 투어,[투어] 한국인 투어 코디와 함께하는 발레타 - 임디나 - 라밧 원데이 투어
137,Malta,Valleta,45020,가이드 투어,[투어] 한국인 투어 코디와 함께하는 발레타 워킹 투어 :: 몰타/발레타
138,Malta,Malta,82431,레스토랑,[몰타] 우아한 한끼 식사! 몰타 전통 포크댄스 디너쇼
139,Malta,Malta,79392,가이드 투어,몰타 : 여유 가득 크루즈 종일 투어 
140,Croatia,Dubrovnik,25575,가이드 투어,크로아티아지역 및 보스니아 헤르체고비나 & 메주고리 여행 [3박4일]
141,Bosnia and Herzegovina,Mostar,52976,가이드 투어,"[차량이동] 두브로브니크 출발, 모스타르 1일투어 (보스니아/모스타르)"
142,Croatia,Dubrovnik,51399,가이드 투어,두브로브니크 출발 : 보스니아 & 헤르체고비나 일일 투어
143,Croatia,Dubrovnik,37577,가이드 투어,두브로브니크에서 출발하는 모스타르 & 크라비체 폭포 종일 투어
144,Bosnia and Herzegovina,Sarajevo,34439,가이드 투어,사라예보에서 떠나는 가톨릭 성지 '메주고리예' 원데이 투어
145,Bosnia and Herzegovina,Sarajevo,34438,가이드 투어,다양한 문화를 느낄 수 있는 '사라예보' 가이드 워킹 투어
146,Bosnia and Herzegovina,Sarajevo,34437,가이드 투어,사라예보 출발: 중세시대를 간직한 야이체 & 트라브니크 원데이 투어 
147,Bosnia and Herzegovina,Mostar,34436,가이드 투어,"[사라예보 출발] 헤르체고비나의 코니츠, 모스타르, 블라가이 일일 투어"
148,Bosnia and Herzegovina,Sarajevo,34434,가이드 투어,'유럽의 피라미드' 사라예보 미스테리 투어
149,Cyprus,Protaras,62653,가이드 투어," [투어] 블루라군, 지중해 뽀개기 투어 (사이프러스/아이아나파)"
150,Cyprus,Paphos,79729,티켓/교통패스,파포스 : 아프로디테 워터파크 입장권
151,Spain,Barcelona,27814,가이드 투어,"가우디프리미엄버스투어 #후기가보여줍니다 #성가족성당,구엘공원 대행구매+동행"
152,Spain,Barcelona,2509,가이드 투어,힐링여행/시내중심출발/매일진행/가성비갑! [몬세랏+시체스 전용차량투어]
153,Spain,Barcelona,27915,가이드 투어,[디테일 가우디+고딕지구무료야경] 최고의 스토리텔링+구엘공원무료/동반입장
154,Spain,Barcelona,6559,가이드 투어,[브랜드대상1위]몬세라트+시체스(+타라고나)/업계최초 진행+유일한 투어
155,Spain,Segovia,34188,가이드 투어, [톨레도&세고비아] #학생할인#내일예약가능#공인가이드#프라도5천원#야경1유로#톨레도노을
156,Spain,Barcelona,6249,가이드 투어,가우디 반일 프리미엄 전용버스투어ㅣ반일최다후기+최고평점ㅣ구엘공원 구매대행
157,Spain,Seville,45226,가이드 투어,세비야론다별밤투어(세비야시내투어+론다투어) #현장추가비용NO! #론다의 낮과 밤을 한번에!
158,Spain,Barcelona,9599,가이드 투어,"[투어]신년특가 떼아모 가우디 ""오전"" 반일 집중투어"
159,United Kingdom,London,66554,여행편의,"[인천공항 수령] 유럽 유심 - EE/Three 유심 3종 / (영국 유심, 프랑스 유심, 독일 유심, 이탈리아 유심, 스페인 유심, 유럽 주요국가 사용 가능)"
160,Spain,Barcelona,9638,티켓/교통패스,바르셀로나 : 까사밀라 우선 입장권 & 오디오 가이드 [E티켓 제시]
161,Slovenia,Bled,51208,가이드 투어,한국인 가이드 슬로베니아 알프스 투어 (블레드+벨리카 플라니나)
162,Slovenia,Bled,61763,가이드 투어,자그레브 출발! 슬로베니아 당일치기 여행 (슬로베니아)
163,Slovenia,Ljubljana,61181,가이드 투어,류블랴나 출발! 슬로베니아 일일투어 (슬로베니아/류블라나)
164,Slovenia,Bled,54272,가이드 투어," [투어] (한국어) 사랑할 수 밖에 없는 슬로베니아, 루블랴나+블레드 투어"
165,Slovenia,Bled,51085,가이드 투어,"[슬로베니아] 블레드성,율리안 알프스,보히니호수,포스토이나 동굴,류블랴나,프레디야마성"
166,Czech Republic,Praha,59699,가이드 투어,[투어] 흑기사 투어 -프라하 출발 2박3일 꽉찬 오스트리아+슬로베니아 투어! (체코/프라하)
167,Slovenia,Ljubljana,50038,가이드 투어,[투어] 한국인 가이드- 포스토이나 동굴+프레드 야마 성+피란투어 :: 슬로베니아/ 류블랴나
168,Slovenia,Bled,42654,가이드 투어,[전문 가이드투어 ] 슬로베니아 & 크로아티아  최고의 여행 [4일]
169,France,Paris,53666,여행편의,"[공항유심] -더블데이터 프로모션 - KPN유심, TDC유심, 쓰리유심 ( 수령비 무료)"
170,Germany,Munchen,34163,여행편의,[플레이유심]데이터2배제공 이벤트중 KPN/쓰리/EU 유럽유심 (공항수령무료/출국전일가능)
171,Gibraltar,Gibraltar,77818,가이드 투어,말라가 : 지브롤터 일일 투어
172,Gibraltar,Gibraltar,77817,가이드 투어,에스테포나 : 지브롤터 일일 투어
173,Gibraltar,Gibraltar,77816,가이드 투어,마르베야 : 지브롤터 일일 투어
174,Gibraltar,Gibraltar,77815,가이드 투어,푸엔히올라 : 지브롤터 일일 투어
175,Gibraltar,Gibraltar,77814,가이드 투어,토레몰리노스 : 지브롤터 일일 투어
176,Spain,Malaga,77824,가이드 투어,말라가 출발 : 지브롤터 쇼핑 투어
177,Gibraltar,Gibraltar,77811,가이드 투어,지브롤터 : 자연 속 돌고래와 함께하는 보트 투어
178,Gibraltar,Gibraltar,76722,가이드 투어,지브롤터 : 관광도 하고 쇼핑도 하는 일석이조 투어
179,Gibraltar,Gibraltar,34882,가이드 투어,지브롤터 돌고래 돌핀 크루즈 투어 티켓
180,Gibraltar,Gibraltar,34868,가이드 투어,세비야에서 출발하는 '지브롤터' 원데이 가이드 투어
181,Croatia,Zagreb,80348,가이드 투어,[자그레브 출발] 슬로베니아 일일투어 / 포스토이나 동굴+블레드 (크로아티아/슬로베니아) 
182,Croatia,Plitvice,75738,가이드 투어,"자그레브 출발/ 라스토케, 플리트비체 투어와 자다르 셔틀을 한번에 (크로아티아)"
183,Croatia,Plitvice,75736,가이드 투어,"자그레브 출발/라스토케, 플리트비체 투어와 스플리트 셔틀을 한번에 (크로아티아) "
184,Croatia,Dubrovnik,59124,스냅촬영,[스냅] 별밤 투어 두브로브니크 스르지 산 야경을 한방에 완전 정복 (크로아티아)
185,Croatia,Dubrovnik,75732,가이드 투어,크로아티아! 두브로브니크 스르지산 전망대 투어 (크로아티아)
186,Croatia,Zagreb,53136,가이드 투어,"[투어] 이스트라반도 / 로비니, 모토분 투어 (크로아티아)"
187,Croatia,Plitvice,33722,여행편의,[투어] 자그레브 - 플리트비체 왕복 셔틀 서비스 
188,Croatia,Varazdin,75735,가이드 투어,자그레브 출발 자그레브 근교 트라코스찬 바라즈딘 당일투어 (크로아티아)
189,France,Paris,53666,여행편의,"[공항유심] -더블데이터 프로모션 - KPN유심, TDC유심, 쓰리유심 ( 수령비 무료)"
190,Croatia,Zagreb,57317,가이드 투어,라스토케 마을 입장권 포함 :: 한국인 가이드 플리트비체  투어 -2인 이상 자그레브 출발
191,Turkey,Istanbul,55229,가이드 투어,[투어] 하이라이트 이스탄불 1일 완성 워킹투어 :: 핵심 명소들 하루만에 볼 수있는 가성비 최고! (터키/이스탄불)
192,Turkey,Istanbul,42299,가이드 투어,[투어]터키 꽉찬 5박6일 마스터투어! (셀축-파묵칼레-안탈랴-카파도키아-소금호수) 이스탄불투어 무료 /4인이상 할인
193,Turkey,Istanbul,7787,가이드 투어,[투어] 하루만에 마스터하는 이스탄불 '클래식투어' :아야소피아/블루모스크/톱카프/돌마바흐체/지하저수지/히포드롬 (터키/이스탄불)
194,Turkey,Istanbul,77701,스냅촬영,[스냅] (3시간/코스B) 이스탄불 현지 전문 사진작가들과 스냅샷 투어! (터키/이스탄불)
195,Turkey,Istanbul,77702,스냅촬영,[스냅] (2시간/코스C) 이스탄불 현지 전문 사진작가들과 스냅샷 투어! (터키/이스탄불)
196,Turkey,Istanbul,77704,스냅촬영,[스냅] (3시간/코스D) 이스탄불 현지 전문 사진작가들과 스냅샷 투어! (터키/이스탄불)
197,Turkey,Istanbul,73186,가이드 투어,[투어] 아름다운 이스탄불 (터키/이스탄불)
198,Turkey,Istanbul,75490,가이드 투어,[투어]터키 전통 아침식사 그리고 돌마바흐체  (터키/이스탄불)
199,France,Paris,53666,여행편의,"[공항유심] -더블데이터 프로모션 - KPN유심, TDC유심, 쓰리유심 ( 수령비 무료)"
200,Germany,Munchen,34163,여행편의,[플레이유심]데이터2배제공 이벤트중 KPN/쓰리/EU 유럽유심 (공항수령무료/출국전일가능)
201,Portugal,lisbon,73193,가이드 투어,[한국어 투어] '로맨틱 파라다이스' 신트라 season 2 (포르투갈/리스본)
202,Portugal,Porto,53192,가이드 투어,"#제나의시선 : 포르투여행안내백서, 포르투 워킹투어 (포르투갈/포르투)"
203,Portugal,Porto,48672,가이드 투어,[투어]나만 알고 싶은 포르투 낭만투어  [낮워킹투어+야경포함] [예약시 리스본 또는 신트라 5유로 환급]
204,Portugal,lisbon,36308,가이드 투어,"[투어]리스본 아름다운 골목의 로맨틱한 스토리, 로맨틱투어 / 예약시 신트라 또는 포르투 5유로 환급"
205,Portugal,lisbon,45262,가이드 투어,리스본 미식워킹투어 (포르투갈/리스본)
206,Portugal,lisbon,72748,가이드 투어,"[투어] 동화속 신트라, 폐냐성, 헤갈레이라, 카스카이스, 호카곶 소규모 전용차량투어/한국인가이드/(포르투갈/리스본) /예약시 리스본,포르투투어 5유로환급 "
207,Portugal,Porto,53193,가이드 투어,#제나랑야식 : 포르투 야경+미식투어 [코로나19로 잠정중단] (포르투갈/포르투)
208,Portugal,lisbon,38747,가이드 투어,"[투어]대항해시대의 영광, 리스본 클래식투어 / 예약시 신트라 또는 포르투 5유로 환급"
209,United Kingdom,London,66554,여행편의,"[인천공항 수령] 유럽 유심 - EE/Three 유심 3종 / (영국 유심, 프랑스 유심, 독일 유심, 이탈리아 유심, 스페인 유심, 유럽 주요국가 사용 가능)"
210,Portugal,lisbon,61261,티켓/교통패스,리스본 필수템 : 리스보아 카드 24시간 교통카드 + 관광패스
211,Latvia,Riga,65811,가이드 투어,[투어] 라트비아 에스토니아 차량 프라이빗 투어 1박2일 - (리가/패르누/라헤마/탈린)
212,Latvia,Riga,58369,가이드 투어,[투어] 탈린 + 리가 1박 2일 올드타운 투어 (한국어) (에스토니아/탈린) 
213,Latvia,Riga,78497,가이드 투어,리가 출발 : 체메리 국립 공원 자연 산책로 투어
214,Latvia,Riga,78494,가이드 투어,리가 중앙 시장 푸드 투어
215,Latvia,Riga,78486,즐길거리,리가 : 맥주 자전거 투어
216,Latvia,Riga,78483,티켓/교통패스,리가 : 시티투어 캐널 보트 탑승권
217,Latvia,Riga,78481,티켓/교통패스,리가 : 시티투어 레드 버스 48시간 탑승권
218,Latvia,Riga,78475,티켓/교통패스,리가 : 검은머리전당 입장권
219,Latvia,Riga,58965,티켓/교통패스,리가 : 시티투어 버스 탑승권
220,Latvia,Riga,58964,가이드 투어,리가 : 중앙시장에서 즐기는 라트비아 음식 체험
221,Russian Federation,Vladivostok,55623,액티비티,[투어] *진짜소수/일2회출발* 프라이빗 루스키섬 투어 (러시아/블라디보스토크)
222,Russian Federation,Irkutsk,65850,가이드 투어,러시아인들의 주말 문화체험 투어 (러시아/이르쿠츠크) (동절기 : 1월 중순~3월 말)
223,Russian Federation,Irkutsk,65895,가이드 투어,[투어] 이르쿠츠크 야경투어 (러시아/이르쿠츠크)
224,Russian Federation,Irkutsk,66361,가이드 투어,이르쿠츠크 전망대와 조각박물관 사격체험 (러시아/이르쿠츠크)
225,Russian Federation,Mockba,77991,스냅촬영,[스냅투어] (3시간) 모스크바 명소 투어_벤츠 마이바흐 공항샌딩 + 웨딩/커플/데이트
226,Russian Federation,Irkutsk,75569,가이드 투어,이르크추크 시내 전일 역사투어 (러시아) 
227,Russian Federation,Irkutsk,75570,가이드 투어,이르크추크 시내 반일 오전 역사투어 (러시아) 
228,Russian Federation,Vladivostok,80958,액티비티,[투어] 요트+낚시 투어 (러시아/블라디보스토크) 
229,France,Paris,53666,여행편의,"[공항유심] -더블데이터 프로모션 - KPN유심, TDC유심, 쓰리유심 ( 수령비 무료)"
230,Germany,Munchen,34163,여행편의,[플레이유심]데이터2배제공 이벤트중 KPN/쓰리/EU 유럽유심 (공항수령무료/출국전일가능)
231,Romania,Bucharest,42575,가이드 투어,[한글투어] 드라큘라성 & 펠레슈성 클림트 미술 투어 (1일)::루마니아/부쿠레슈티 출발
232,Romania,Bucharest,42480,가이드 투어,[투어] 부쿠레슈티 국회의사당 내부관람 및 역사와 문화산책:: 루마니아
233,Romania,Oradea,977,가이드 투어,"동유럽과 서유럽를 연결하는 관문도시,  루마니아 오라데아의 문화 / 역사를 찾아서 "
234,France,Paris,53666,여행편의,"[공항유심] -더블데이터 프로모션 - KPN유심, TDC유심, 쓰리유심 ( 수령비 무료)"
235,Germany,Munchen,34163,여행편의,[플레이유심]데이터2배제공 이벤트중 KPN/쓰리/EU 유럽유심 (공항수령무료/출국전일가능)
236,Czech Republic,Praha,53676,여행편의,[플레이유심] *데이터2배 이벤트중! LTE 유럽유심 KPN 데이터/통화유심(출국전일가능)
237,Romania,Bucharest,49579,가이드 투어,부쿠레슈티 : 구시가지 술집 탐방 투어
238,United States of America,Hawaii,35342,스냅촬영,"[인천공항수령] 미러리스 카메라 1일 대여권, 소니 A5100"
239,Romania,Bucharest,34408,가이드 투어,부쿠레슈티 : 반나절 자전거 투어
240,Romania,Bucharest,34407,가이드 투어,"부쿠레슈티에서 출발하는 펠레슈성, 브란성, 브라쇼브 당일 투어"
241,Lithuania,Vilnius,2632,가이드 투어,[투어] 호수 위 붉은 벽돌 트라카이 성 둘러보기 (리투아니아/빌니우스)
242,Lithuania,Vilnius,57532,가이드 투어,[투어] 중세 도시 빌뉴스 구시가지 반나절 도보 여행 (리투아니아/빌니우스)
243,Lithuania,Vilnius,57624,가이드 투어,[투어] 빌뉴스와 트라카이 한나절 둘러보기 (리투아니아/빌니우스)
244,Lithuania,Vilnius,57625,가이드 투어,[투어] 중세 도시 빌뉴스 한나절 둘러보기 (리투아니아/빌니우스)
245,Lithuania,Vilnius,24616,가이드 투어,"빌니우스 근교, 트라카이 캐슬 투어를 떠나보세요!"
246,Lithuania,Vilnius,29353,가이드 투어,"[당일치기 픽업&샌딩] 드루스키닌카이, 워터파크와 사우나 당일치기 투어 !"
247,Lithuania,Vilnius,41412,여행편의,빌니우스(빌뉴스) 공항 프라이빗 차량 이송 서비스 (편도)
248,United States of America,Hawaii,35342,스냅촬영,"[인천공항수령] 미러리스 카메라 1일 대여권, 소니 A5100"
249,Lithuania,Vilnius,34409,가이드 투어,빌니우스(빌뉴스)에서 출발하는 '십자가의 언덕' 원데이 투어
250,Lithuania,Vilnius,14527,가이드 투어,"빌니우스에서 카우나스, 룸시스케스, 파자이슬리스로! 알찬 개별 투어"
251,Macedonia,Skopje,29260,가이드 투어,생소한 마케도니아 투어 
252,Macedonia,Skopje,78545,가이드 투어,스코페 : 푸드 & 워킹 투어
253,Macedonia,Skopje,78544,가이드 투어,스코페 : 마트카 캐년 반나절 투어
254,Macedonia,Skopje,78537,가이드 투어,스코페 출발 : 마브로보 & 오흐리드 프라이빗 투어
255,Macedonia,Skopje,78524,가이드 투어,스코페 출발 : 코소보 일일 투어 (프리슈티나 & 프리즈렌)
256,Macedonia,Skopje,78521,가이드 투어,스코페 출발 : 프리슈티나 & 프리즈렌 프라이빗 투어
257,Macedonia,Skopje,78546,여행편의,스코페 공항 셔틀 탑승권
258,Macedonia,Skopje,78547,가이드 투어,스코페 : 스토비 와인 반나절 투어
259,United States of America,Hawaii,35342,스냅촬영,"[인천공항수령] 미러리스 카메라 1일 대여권, 소니 A5100"
260,Bulgaria,Sofia,29239,가이드 투어,"불가리아 소피아 투어, 역사 속으로 산책!"
261,United Kingdom,London,66554,여행편의,"[인천공항 수령] 유럽 유심 - EE/Three 유심 3종 / (영국 유심, 프랑스 유심, 독일 유심, 이탈리아 유심, 스페인 유심, 유럽 주요국가 사용 가능)"
262,France,Paris,53666,여행편의,"[공항유심] -더블데이터 프로모션 - KPN유심, TDC유심, 쓰리유심 ( 수령비 무료)"
263,Germany,Dusseldorf,60636,여행편의,"[무료 배송] 유럽 유심 - EE/Three/KPN 유심 5종 / (영국 유심, 프랑스 유심, 독일 유심, 이탈리아 유심, 스페인 유심, 유럽 주요국가 사용 가능)"
264,Germany,Munchen,34163,여행편의,[플레이유심]데이터2배제공 이벤트중 KPN/쓰리/EU 유럽유심 (공항수령무료/출국전일가능)
265,Bulgaria,Sofia,78600,가이드 투어,소피아 : 세븐 릴라 레이크 소규모 투어
266,Bulgaria,Sofia,78599,가이드 투어,"소피아 출발 : 릴라 수도원, 성 이반 릴스키 동굴 & 스톱 피라미드 투어"
267,Bulgaria,Sofia,78597,가이드 투어,"소피아 출발 : 프로호나 동굴, 세바두카 동굴 & 글로제네 투어 (우선입장)"
268,Bulgaria,Sofia,78596,가이드 투어,소피아 출발 : 플로브디프 & 코프리브슈티짜 일일 투어
269,Bulgaria,Sofia,78593,여행편의,소피아 : 소피아 공항 셔틀 공용 이동 서비스 (공항→보로베츠)
270,Serbia,Belgrade,29266,가이드 투어,"아픈 현대사 속에서 도약하는 나라 세르비아,  수도 베오그라드 시내 워킹 투어!"
271,Serbia,Belgrade,44047,가이드 투어,베오그라드 : 시티 하이라이트 반나절 도보 투어
272,Serbia,Belgrade,44045,가이드 투어,베오그라드 시내 도보 투어
273,Serbia,Belgrade,44044,가이드 투어,베오그라드 출발 노비사드 & 스렘스키 카를로브치 와인 시음 투어
274,Serbia,Belgrade,44043,가이드 투어,베오그라드 적색 발자취 도보 투어
275,United States of America,Hawaii,35342,스냅촬영,"[인천공항수령] 미러리스 카메라 1일 대여권, 소니 A5100"
276,Slovakia,Bratislava,45707,가이드 투어, [투어] 브라티슬라바 하이라이트 명소 워킹투어 :: 슬로바키아/브라티슬라바
277,Slovakia,Bratislava,17292,가이드 투어,과거로의 시간 여행을 떠나요. 브라티슬라바에서...
278,Slovakia,Bratislava,17333,가이드 투어,브라티슬라바 1일투어 _ 고성 그리고 골목투어
279,France,Paris,53666,여행편의,"[공항유심] -더블데이터 프로모션 - KPN유심, TDC유심, 쓰리유심 ( 수령비 무료)"
280,Germany,Munchen,34163,여행편의,[플레이유심]데이터2배제공 이벤트중 KPN/쓰리/EU 유럽유심 (공항수령무료/출국전일가능)
281,Slovakia,Bratislava,79995,티켓/교통패스,브라티슬라바 : 버스 관광 투어 (성 입장권 포함)
282,Slovakia,Bratislava,77879,가이드 투어,브라티슬라바 : 나이트 워킹 투어 (전망대 바 음료 포함)
283,Slovakia,Bratislava,77878,가이드 투어,브라티슬라바 : 소그룹 워킹 투어
284,Slovakia,Bratislava,77885,여행편의,브라티슬라바 : 공항 → 호텔 프라이빗 이동 서비스
285,Slovakia,Bratislava,77888,즐길거리,브라티슬라바 : 구시가지 탐험 게임
286,Estonia,Tallinn,63191,가이드 투어,[투어] 에스토니아/라트비아/리투아니아 발트3국 5일 차량 일주 투어(탈린/리가/빌니우스)
287,Estonia,Tallinn,58826,가이드 투어,에스토니아 탈린 차량 투어 (라헤마 국립공원(습지대)+노래광장+예갈라 폭포) (한국어) 
288,Latvia,Riga,58369,가이드 투어,[투어] 탈린 + 리가 1박 2일 올드타운 투어 (한국어) (에스토니아/탈린) 
289,Estonia,Tallinn,55171,가이드 투어,"에스토니아 탈린 중세 걷기 - 발트해의 진주, 탈린 구시가지 [워킹투어] 에스토니아/탈린"
290,Estonia,Tallinn,55310,가이드 투어,"에스토니아 습지 걷기 + 가정식 식사 [차량투어] 탈린출발, 라헤마국립공원, 팔름세"
291,Estonia,Tallinn,52022,가이드 투어,[투어] 탈린 기항지 투어 (에스토니아/탈린)
292,Estonia,Tallinn,27491,가이드 투어,에스토니아 탈린 올드타운 2시간 30분 투어 (한국어)
293,Estonia,Tallinn,29235,가이드 투어,[투어] 탈린올드타운 산책 오전 3시간 코스!!! (에스토니아/탈린)
294,France,Paris,53666,여행편의,"[공항유심] -더블데이터 프로모션 - KPN유심, TDC유심, 쓰리유심 ( 수령비 무료)"
295,Germany,Munchen,34163,여행편의,[플레이유심]데이터2배제공 이벤트중 KPN/쓰리/EU 유럽유심 (공항수령무료/출국전일가능)
296,Ukraine,Kiev,54195,가이드 투어,[투어] 드니프로강 서안 집중 투어  (우크라이나/키예프)
297,Ukraine,Kiev,52198,가이드 투어,[투어] 키예프 테이스티 투어 :: 우크라이나/키예프
298,Ukraine,Kiev,42670,가이드 투어,[투어] 우크라이나 문화 집중 투어  :: 우크라이나/키예프
299,Ukraine,Kiev,38135,가이드 투어,[투어] 키예프 올드시티 워킹투어 :: 우크라이나/키예프 
300,Ukraine,Kiev,36054,가이드 투어,[투어] 횡령의 끝은 어디? 전 우크라이나 대통령의 호화 별장 투어 :: 우크라이나/키예프
301,Ukraine,Kiev,38145,가이드 투어,[투어] 우크라이나 동화마을 피로고보 투어 :: 우크라이나/키예프
302,Ukraine,Kiev,79310,가이드 투어,키예프 출발 : 체르노빌 올인클루시브 투어 (1박 2일)
303,Ukraine,Kiev,79308,가이드 투어,키예프 출발 : 체르노빌 & 프리피야티 일일 투어
304,Ukraine,Kiev,79307,가이드 투어,키예프 출발 : 체르노빌 제한구역 & 프리피야티 투어
305,Ukraine,Kiev,79306,가이드 투어,키예프 출발 : 체르노빌 & 프리피야티 투어 (점심 포함)
306,Georgia,Tbilisi,57235,가이드 투어,[투어] 코카서스 하이라이트:트빌리시-즈바리-므츠헤타-아나누리-카즈베기(조지아/트빌리시)
307,Georgia,Tbilisi,52806,가이드 투어,"[투어] 우플리스치케 동굴 도시, 고리 스탈린 박물관, 트빌리시 바다 (조지아/트빌리시)"
308,Georgia,Tbilisi,55674,가이드 투어,[투어] 조지아의 수도 트빌리시 일일 투어 (조지아/트빌리시)
309,Georgia,Tbilisi,57237,가이드 투어,[투어] 다비드가레자 수도원과 사랑의 마을 시그나기 (조지아/트빌리시)
310,Georgia,Tbilisi,72633,가이드 투어,[투어] (오픈기념할인) 트빌리시 도보 시티투어 (조지아/트빌리시)
311,Georgia,Tbilisi,61789,가이드 투어, [투어] 하루만에 다 둘러보는 트빌리시 워킹투어(한국인 가이드) (조지아/트빌리시)
312,Georgia,Tbilisi,80129,가이드 투어,보르조미 명소 투어(조지아/보르조미)
313,Georgia,Tbilisi,80127,가이드 투어,"KTW, 보드베와 시그나기의 명소를 둘러보는 투어(조지아/카케티아)"
314,Georgia,Tbilisi,80126,가이드 투어,"아나누리, 구다우리와 카즈베기의 명소를 둘러보는 투어(조지아/카즈베기)"
315,Georgia,Tbilisi,80125,가이드 투어,므츠헤타 & 우프리스치케 명소 투어(조지아/므츠헤타)
316,Czech Republic,Praha,8686,가이드 투어,"[체코투어/누적후기1위] 프라하 근교투어 ""동화마을 체스키크롬로프""(#할인쿠폰제공#)"
317,Czech Republic,Praha,75470,스냅촬영,[최고평점][30분+10분/원본 당일발송] 여자 작가와 함께하는 프라하 스냅촬영
318,Czech Republic,Praha,31398,가이드 투어,[사전예약 30%할인/무료스냅] 최대 7인 할슈타트+고사우+체스키 당일투어 (프라하출발)
319,Czech Republic,Praha,22520,가이드 투어,[투어] 저녁에 시작하는 야경 시티 투어 :: 체코/프라하
320,Czech Republic,Praha,9910,가이드 투어, [선착순 초특가] 프라하 시내 & 야경 전일투어 #프라하성 내부 입장/할인쿠폰제공#
321,Czech Republic,Praha,8682,가이드 투어,★누적후기1000개달성★프라하성내부설명 프라하 낮과밤 시내오전+야경투어크루즈 (할인이벤트)
322,Czech Republic,Praha,24621,스냅촬영,[스냅] 프라하 스냅 2시간. 자연스러우면서도 화보같은 스냅촬영 (체코/프라하)
323,Czech Republic,Praha,68362,스냅촬영,"[후기 맛집] 20대 젊은감성, 30분 프라하 스냅 (체코/프라하스냅)"
324,United Kingdom,London,66554,여행편의,"[인천공항 수령] 유럽 유심 - EE/Three 유심 3종 / (영국 유심, 프랑스 유심, 독일 유심, 이탈리아 유심, 스페인 유심, 유럽 주요국가 사용 가능)"
325,France,Paris,53666,여행편의,"[공항유심] -더블데이터 프로모션 - KPN유심, TDC유심, 쓰리유심 ( 수령비 무료)"
326,Poland,warsaw,66550,가이드 투어,[투어] 바르샤바줌마와 함께하는 폴란드 바르샤바 그룹투어(폴란드/바르샤바)
327,Poland,warsaw,50568,가이드 투어,[투어] 외국인 친구들과 함께 즐기는 11일 폴란드 일주 (폴란드/바르샤바)
328,Poland,Krakau,42573,가이드 투어,[투어] 크라쿠프 배틀트립-구시가와 유대인 지구 반나절 투어 :: 폴란드/크라쿠프
329,Poland,warsaw,42485,가이드 투어,"[투어] 바르샤바 워킹 베틀트립 Best/쇼팽,퀴리부인,코페르니쿠스,교황 발자취::폴란드"
330,Poland,warsaw,8989,가이드 투어,쇼팽의 선율을 찾아서
331,Poland,Krakau,8988,가이드 투어,중.동유럽의 숨은 보석 크라쿠프
332,Poland,warsaw,8767,가이드 투어,"[폴란드 한인회장과 함께] 유럽 경제의 미래, 폴란드 알아가기(비즈니스 및 여행) "
333,France,Paris,53666,여행편의,"[공항유심] -더블데이터 프로모션 - KPN유심, TDC유심, 쓰리유심 ( 수령비 무료)"
334,Germany,Munchen,34163,여행편의,[플레이유심]데이터2배제공 이벤트중 KPN/쓰리/EU 유럽유심 (공항수령무료/출국전일가능)
335,Poland,Wroclaw,78075,가이드 투어,브로츠와프 : 올드타운 하이라이트 2시간 세그웨이 투어
336,Hungary,budapest,24932,가이드 투어,[어벤져스가이드팀X리얼야경투어]인생샷/감동투어/무료샌딩/VIP명품투어/스냅작가가이드
337,Hungary,budapest,22204,가이드 투어,[부다페스트야경]#국가공인가이드#3시간차량#소규모#무료숙소샌딩#인생사진#지식역사
338,Hungary,budapest,24314,가이드 투어,[인기베스트][스냅샷&인문학 야경 VIP벤츠투어][무료샌딩][사진작가]::헝가리/부다페스트
339,Hungary,budapest,18700,가이드 투어,[부다페스트워킹] 낭만도시 부다페스트를 걸으며 완전정복/지식역사문화체험 
340,Hungary,budapest,78472,가이드 투어,[유럽리버크루즈투어] 다뉴브 드림 유럽리버크루즈 8일 - 헝가리/슬로바키아/오스트리아/독일
341,Hungary,budapest,74051,스냅촬영,[스냅/60분/속성] 황금빛 부다페스트 야경과 함께 수채화 속 주인공이 되세요 (헝가리)
342,Hungary,budapest,74053,스냅촬영,[스냅/150분/풀코스] 황금빛 부다페스트 야경과 함께 수채화 속 주인공이 되세요(헝가리)
343,Hungary,budapest,70377,가이드 투어,[투어] [부다페스트워킹투어] 꽃녀의 오감투어 (헝가리/부다페스트)
344,United Kingdom,London,66554,여행편의,"[인천공항 수령] 유럽 유심 - EE/Three 유심 3종 / (영국 유심, 프랑스 유심, 독일 유심, 이탈리아 유심, 스페인 유심, 유럽 주요국가 사용 가능)"
345,France,Paris,53666,여행편의,"[공항유심] -더블데이터 프로모션 - KPN유심, TDC유심, 쓰리유심 ( 수령비 무료)"
346,Norway,oslo,25822,가이드 투어,오슬로에서 꼭 봐야 할 곳 !!!  뭉쿠의 행복한 워킹 투어
347,Norway,oslo,30486,가이드 투어,"오슬로에 숨겨진 보석 찾기, 빈티지 상점과 맛집 투어"
348,Norway,oslo,27672,가이드 투어,"[오슬로] 노르웨이의 성장 드라마, 스캄(SKAM) 명소 투어"
349,Norway,oslo,27032,가이드 투어,"오슬로, 예술과 자연 속 힐링 산책 투어"
350,Norway,oslo,24661,가이드 투어,"뭉크의 절규! 바이킹! 스토리가 가득한 뭉쿠의 오슬로 차량 투어 (가족,소그룹 추천)"
351,Norway,Stavanger,8977,가이드 투어,노르웨이 3대 트레킹+베르겐 8일! 한국인 가이드+현지 트레킹 전문가 동반
352,Norway,oslo,5675,가이드 투어,마이 리얼 오슬로  -   핵심 워킹 투어
353,United Kingdom,London,66554,여행편의,"[인천공항 수령] 유럽 유심 - EE/Three 유심 3종 / (영국 유심, 프랑스 유심, 독일 유심, 이탈리아 유심, 스페인 유심, 유럽 주요국가 사용 가능)"
354,France,Paris,53666,여행편의,"[공항유심] -더블데이터 프로모션 - KPN유심, TDC유심, 쓰리유심 ( 수령비 무료)"
355,Norway,Tromsø,76230,가이드 투어,트롬쇠 출발 : 북극 피요르드 투어
356,Denmark,Copenhagen,57875,가이드 투어,[알쓸신덴] 코펜하겐&근교 당일치기 휘게투어 I(N투어)
357,Denmark,Copenhagen,57877,가이드 투어,[알쓸신덴] 코펜하겐&근교 당일치기 휘게투어 II(W투어)
358,Denmark,Copenhagen,49608,가이드 투어,"[투어] 코펜하겐 ""핵심""도보투어 :: 덴마크/코펜하겐"
359,Denmark,Copenhagen,35399,가이드 투어,"[알쓸신덴] 근교 휘게투어 I(크론보(햄릿)성, 루이지애나 현대미술관)"
360,Denmark,Copenhagen,34982,가이드 투어,"[알쓸신덴] 근교 휘게투어 II(로스킬드 대성당, 바이킹 선박박물관)"
361,Denmark,Copenhagen,33611,가이드 투어,[알쓸신덴] 코펜하겐 휘게투어 No.1(평점*****)
362,Denmark,Copenhagen,18098,가이드 투어,코펜하겐 오리지날 투어 
363,Denmark,Copenhagen,16913,스냅촬영,덴마크 코펜하겐 현지 사진작가와 함께하는 스냅사진투어
364,United Kingdom,London,66554,여행편의,"[인천공항 수령] 유럽 유심 - EE/Three 유심 3종 / (영국 유심, 프랑스 유심, 독일 유심, 이탈리아 유심, 스페인 유심, 유럽 주요국가 사용 가능)"
365,France,Paris,53666,여행편의,"[공항유심] -더블데이터 프로모션 - KPN유심, TDC유심, 쓰리유심 ( 수령비 무료)"
366,Sweden,Stockholm,74845,가이드 투어,[한국어] 스톡홀름 반나절 가이드 투어 (스웨덴/스톡홀름)
367,Sweden,Stockholm,62188,가이드 투어,[투어] 스웨덴 최초 빌리지 비르카를 방문하는 바이킹 유람선 투어 (스웨덴/스톡홀름)
368,United Kingdom,London,66554,여행편의,"[인천공항 수령] 유럽 유심 - EE/Three 유심 3종 / (영국 유심, 프랑스 유심, 독일 유심, 이탈리아 유심, 스페인 유심, 유럽 주요국가 사용 가능)"
369,France,Paris,53666,여행편의,"[공항유심] -더블데이터 프로모션 - KPN유심, TDC유심, 쓰리유심 ( 수령비 무료)"
370,Germany,Dusseldorf,60636,여행편의,"[무료 배송] 유럽 유심 - EE/Three/KPN 유심 5종 / (영국 유심, 프랑스 유심, 독일 유심, 이탈리아 유심, 스페인 유심, 유럽 주요국가 사용 가능)"
371,Germany,Munchen,34163,여행편의,[플레이유심]데이터2배제공 이벤트중 KPN/쓰리/EU 유럽유심 (공항수령무료/출국전일가능)
372,Sweden,Malmo,78646,티켓/교통패스,말뫼 : 혐오 음식 박물관 입장권
373,Sweden,Malmo,78644,가이드 투어,말뫼 : 3시간 가이드 워킹 투어
374,Sweden,Malmo,78308,가이드 투어,말뫼 : 소규모 워킹 투어 (10:00 / 14:00)
375,Denmark,Copenhagen,77661,가이드 투어,코펜하겐 : 룬드 & 말뫼 일일 투어
376,Iceland,Reykjavik,47972,가이드 투어,[투어] 아이슬란드에 집중! 나에게 집중! 4일 투어 :: 아이슬란드/레이캬비크
377,Iceland,Reykjavik,31892,가이드 투어,[ 오로라헌팅 5박6일 ] 오디세이 아이슬란드 오로라 헌팅 
378,Iceland,Reykjavik,31848,가이드 투어,[ 아이슬란드 남부 5박6일 ] 오딧세이 아이슬란드 남부 해안 투어
379,Iceland,Reykjavik,30769,가이드 투어,[ 가족 단독 안심 투어 ]  아이슬란드 링로드 안심 일주  [ 8일 부터  ]
380,Iceland,Reykjavik,29686,가이드 투어,[가족 단독 안심 투어 ] 아이슬란드 하이킹  안심 맞춤 투어
381,Iceland,Reykjavik,29731,가이드 투어,[ 가족 안심 안심 투어 ] 아이슬란드 오로라  투어 [ 5일 부터 맞춤 ]
382,France,Paris,53666,여행편의,"[공항유심] -더블데이터 프로모션 - KPN유심, TDC유심, 쓰리유심 ( 수령비 무료)"
383,Iceland,Reykjavik,47351,가이드 투어,레이캬비크 : 케리드 분화구 포함 골든 서클 일일 투어
384,Germany,Munchen,34163,여행편의,[플레이유심]데이터2배제공 이벤트중 KPN/쓰리/EU 유럽유심 (공항수령무료/출국전일가능)
385,Iceland,Reykjavik,80143,가이드 투어,레이캬비크 : 골든 서클 & 블루 라군 소그룹 투어 (입장권 포함)
386,Finland,Helsinki,67666,가이드 투어,[투어] 핀란드 헬싱키의 디자인 반나절 도보 코스 (핀란드/헬싱키)
387,Finland,Helsinki,65335,가이드 투어,"[투어] 헬싱키, 도보와 트램으로 산책하듯 투어하기 (핀란드/헬싱키)"
388,Finland,Helsinki,59714,여행편의,"[통역] 핀란드 기관 섭외, 통역, 방송 코디 (핀란드/헬싱키)"
389,Finland,Helsinki,55064,가이드 투어,[투어] 헬싱키 수오멘린나 바다 요새 투어 (핀란드/헬싱키)
390,Finland,Helsinki,49425,가이드 투어,[투어] 헬싱키 시티 투어 :: 핀란드/헬싱키
391,United Kingdom,London,66554,여행편의,"[인천공항 수령] 유럽 유심 - EE/Three 유심 3종 / (영국 유심, 프랑스 유심, 독일 유심, 이탈리아 유심, 스페인 유심, 유럽 주요국가 사용 가능)"
392,France,Paris,53666,여행편의,"[공항유심] -더블데이터 프로모션 - KPN유심, TDC유심, 쓰리유심 ( 수령비 무료)"
393,Germany,Dusseldorf,60636,여행편의,"[무료 배송] 유럽 유심 - EE/Three/KPN 유심 5종 / (영국 유심, 프랑스 유심, 독일 유심, 이탈리아 유심, 스페인 유심, 유럽 주요국가 사용 가능)"
394,Germany,Munchen,34163,여행편의,[플레이유심]데이터2배제공 이벤트중 KPN/쓰리/EU 유럽유심 (공항수령무료/출국전일가능)
395,Finland,Rovaniemi,78499,가이드 투어,로바니에미 : 포토 워킹 투어
396,Laos,Vientiane,72427,가이드 투어,[투어] 부다파크 + 비엔티엔 시내 미니밴 조인투어 (라오스/비엔티엔)
397,Laos,Vientiane,72426,가이드 투어,[투어] 비엔티엔 부다파크 미니밴 조인투어 (한국어 오디오가이드 포함) (라오스/비엔티엔)
398,Laos,Vientiane,65776,여행편의, [투어] 비엔티엔 미니밴 시티투어 (데이투어 15:20 출발) (라오스/비엔티엔)
399,Laos,Vientiane,65804,가이드 투어,[투어] 비엔티엔 미니밴 나이트 시티투어 (나이트투어 18:30 출발) (라오스/비엔티엔)
400,Laos,Vangvieng,52876,액티비티,"[투어] 방비엥 프리미엄 벌룬투어 (열기구, 정식허가) (라오스/방비엥)"
401,Laos,Vientiane,46376,여행편의,"[차량렌트] 비엔티엔 공항 - 방비엥 호텔 미니밴 (기사,유류대포함) :: 라오스/방비엥"
402,Laos,Vientiane,46375,여행편의,"[차량렌트] 방비엥 호텔 - 비엔티엔 미니밴 (기사,유류대포함) :: 라오스/방비엥"
403,Laos,Vangvieng,46415,액티비티,[투어] 카약킹+동굴튜빙+짚라인+블루라군 :: 라오스/방비엥
404,Malaysia,Kuala Lumpur,38030,여행편의,"선택이 아닌 필수, 고프로 히어로 블랙(5&6&7&8)  #최저가#인생샷 #수중촬영 #액티비티"
405,Laos,Luang Prabang,65029,가이드 투어,루앙프라방 : 세계문화유산 일일투어 (영어투어)
406,Malaysia,KotaKinabalu,65360,가이드 투어,[투어] **한국인 100프로** 디나완 반딧불 투어 (말레이시아/코타키나발루)
407,Malaysia,KotaKinabalu,70182,액티비티,[투어]*플라잉 마사지팩*섬+패러세일링+코코넛오일마사지+식사+픽업(말레이시아/코타키나발루)
408,Malaysia,Kuala Lumpur,48955,가이드 투어,(고객만족도1위) 원조! 푸트라자야 + 반딧불 : 입장료+간식+석식 (리얼가이드 단독선정)
409,Malaysia,KotaKinabalu,79803,가이드 투어,"[투어] 코콜힐 엘프 투어 (말레이시아,코타키나발루)"
410,Malaysia,Johor Bahru,75895,가이드 투어,조호바루 1일 맞춤 시내 투어 (말레이시아/조호바루)
411,Malaysia,Johor Bahru,33117,여행편의,[픽업샌딩] 조호바루↔싱가폴 픽업 서비스 (편도) (말레이시아/조호바루)
412,Malaysia,Johor Bahru,32574,여행편의,[차량이동] 조호바루 1일 투어 차량 제공(현지 드라이버 포함) :: 말레이시아/조호바루
413,Malaysia,Kuala Lumpur,76218,가이드 투어,[쿠알라룸푸르 시티투어] 쿠알라룸푸르 관광 명소를 효율적이고 편리하게! (말레이시아) 
414,Malaysia,Johor Bahru,77619,티켓/교통패스,[프로모션] 조호바루 : 데사루 코스트 어드벤처 워터파크 입장권 
415,India,New Delhi,66035,여행편의,SIMTONG 태국유심(플렉시롬 53개국 1GB/7Days 스타터팩)충전식 글로벌 유심
416,Maldives,Maldives,12564,액티비티,몰디브 일몰 돌고래 투어
417,Guam,Guam,73748,여행편의,고프로 7 블랙 대여 인천공항 수령반납
418,United States of America,Hawaii,35342,스냅촬영,"[인천공항수령] 미러리스 카메라 1일 대여권, 소니 A5100"
419,Myanmar,Mandalay,83017,가이드 투어,[만달레이] 만달레이 근교 핀우린투어
420,Myanmar,Bagan,82973,가이드 투어,[바간] 미얀마 바간 자전거 반나절 투어
421,Myanmar,Yangon,73427,가이드 투어,[투어] 미얀마 양곤 단독 프라이빗 투어 (미얀마/양곤)
422,Myanmar,Bagan,77026,가이드 투어,바간 : 재래시장 & 현지 마을 투어
423,Myanmar,Bagan,77015,가이드 투어,바간 : 일일 사원 투어
424,Myanmar,Bagan,77011,가이드 투어,바간 : 고대 사원 프라이빗 투어
425,Myanmar,Bagan,77010,가이드 투어,바간 : 전기 자전거 시티 투어 (점심 포함)
426,Myanmar,Bagan,77009,액티비티,바간 : 자전거 투어
427,Myanmar,Yangon,59561,가이드 투어,양곤 : 양곤에서 출발하는 황금 바위(Golden Rock) 투어
428,Myanmar,Yangon,59560,가이드 투어,양곤 : 어촌마을 달라(Dala)로의 반나절 관광 투어
429,Viet Nam,Nha trang,48197,액티비티,[투어] 나트랑 크레이지 파티 호핑투어 (베트남/나트랑)
430,Viet Nam,Da Nang,29964,가이드 투어,[다낭일일투어]100% 출발 바나힐 투어 투숙호텔 왕복픽업&하차(공항가능)자유이용권 입장권
431,Viet Nam,Quy Nhon,82519,가이드 투어,퀴논 체크아웃 투어 (베트남/퀴논)
432,Viet Nam,Quy Nhon,82520,가이드 투어,퀴논 시티투어 (오전) (베트남/퀴논)
433,Viet Nam,Quy Nhon,82523,가이드 투어,퀴논 시티투어 (오후) (베트남/퀴논)
434,Viet Nam,Da Nang,82324,여행편의,[단독투어] 바나힐+골든브릿지+원더파크+영흥사+빈컴마트 (베트남/다낭)
435,Viet Nam,Da Nang,82338,여행편의,[단독투어] 오행산+ 호이안+ 안방비치+ 롯데마트 투어 (베트남/다낭)
436,Viet Nam,Da Lat,75811,가이드 투어,[투어] 일출과 함께 시작하는 '달랏 선라이즈투어' (베트남/달랏)
437,Thailand,Bangkok,34166,여행편의,[플레이유심]베트남/태국(데이터16GB추가증정) /필리핀 유심 (공항수령무료/출국전일가능)
438,Viet Nam,Ho chi min,68568,여행편의,[픽업샌딩] 호치민 ↔ 붕따우 리무진 이송 서비스 이용권
439,Brunei,Bandar Seri Begawan,81285,가이드 투어,[당일투어] 점심식사 포함! 맹글로브 사파리 투어 (브루나이/반다르세리베가완)
440,Brunei,Bandar Seri Begawan,81261,가이드 투어,[당일투어] 엠파이어호텔 투어+애프터눈티/판타이 시푸드 뷔페 (브루나이/반다르세리베가완)
441,Brunei,Bandar Seri Begawan,78171,가이드 투어, [당일투어] 울루 템부롱 국립공원 당일투어 (브루나이/반다르세리베가완)  
442,Brunei,Bandar Seri Begawan,78125,가이드 투어,[당일투어] 야경탐방 + 야시장 나이트투어 (브루나이/반다르세리베가완)
443,Brunei,Bandar Seri Begawan,75215,가이드 투어,[당일투어] 필수관광지 쏙쏙! 알짜배기 시내 당일투어 (브루나이/반다르세리베가완)
444,Brunei,Bandar Seri Begawan,81343,즐길거리,[골프] RBA 컨트리 클럽 골프 라운딩 (브루나이/반다르세리베가완)
445,Brunei,Bandar Seri Begawan,81291,즐길거리,[골프] 엠파이어 컨트리 클럽 골프 라운딩 (브루나이/반다르세리베가완)
446,Brunei,Bandar Seri Begawan,81297,즐길거리,[골프] ROYAL 컨트리 클럽 골프 라운딩 (브루나이/반다르세리베가완)
447,Brunei,Bandar Seri Begawan,64814,가이드 투어,[투어] 브루나이 풀데이 시티투어 - 한국인 가이드 (브루나이/반다르스리브가완)
448,Brunei,Bandar Seri Begawan,64260,가이드 투어,[투어] 브루나이 반나절 시티투어 - 한국인 가이드(브루나이/반다르스리브가완)
449,Indonesia,Bali,37208,가이드 투어,All new 발리 인스타그래머블 (렘뿌양+띠르타강가+뚜깟째풍폭포+스윙+루왁커피)
450,Indonesia,Bali,43460,가이드 투어,10시간 자유일정 렌트카 대여(한국어 기사님 포함) :: 인도네시아/발리
451,Indonesia,Bali,81624,액티비티,발리에서 인생 최고의 작품만들기 - 스윙(드레스 대여포함) + 래프팅
452,Indonesia,Bali,75409,가이드 투어,발리 차량렌트(12인승) + 기사 + 한국어가이드 (인도네시아)
453,Indonesia,Bali,47141,여행편의,발리자유여행의 필수 아이템 / 1일 기사 + 7인승 차량렌트 (인도네시아) 
454,Indonesia,Bali,75361,여행편의,자유여행 필수예약템 - 발리 프라이빗 렌터카 6시간 (인도네시아) 
455,Indonesia,Bali,75681,여행편의,자유여행 필수예약템 - 발리 프라이빗 렌터카 10시간 (인도네시아)
456,Indonesia,Bali,75910,가이드 투어,[투어] 발리: 남부 체크아웃 투어 with 가이드 (인도네시아/발리)
457,Indonesia,Bali,58038,티켓/교통패스,[무료 픽업/드랍]  발리 - 길리 / 에카자야 패스트보트 티켓
458,Indonesia,Bali,63583,티켓/교통패스,발리 : 워터봄 파크 이용권
459,Cambodia,Siem Reap,80889,가이드 투어,[씨엠립 근교투어] 유네스코 세계문화유산! 쁘레아 위히어 사원 당일 답사 (캄보디아) 
460,Cambodia,Angkor,72798,가이드 투어,[투어]앙코르왓 핵심유적함께하기(With 한국인가이드/스냅/음성수신기/캄보디아)
461,Cambodia,Angkor,72250,가이드 투어,[투어]앙코르왓 일출핵심유적함께하기 (With한국인가이드/스냅/음성수신기/캄보디아)
462,Cambodia,Angkor,72851,가이드 투어,[투어]앙코르왓 단독핵심유적(With 한국인가이드/스냅사진/음성수신기/캄보디아/씨엠립)
463,Cambodia,Siem Reap,65525,가이드 투어,[투어] 시엠립 공항 출국 서비스(짐보관+마사지 2시간+샤워+공항샌딩) (캄보디아/씨엠립)
464,Cambodia,Siem Reap,65515,가이드 투어, [투어] 한국인 가이드와 크메르의 보석 반떼이 쓰라이+벵밀리아 등 초기유적 (씨엠립)
465,Cambodia,Siem Reap,65527,가이드 투어,[투어/ 한국인 가이드와 벵밀리아 + 톤레삽 1일 투어] (캄보디아/씨엠립)
466,Cambodia,Siem Reap,61662,가이드 투어,[앙코르왓 특별 프로모션] 한국인 가이드와 1일 투어(중식+전신마사지 포함) (씨엠립)
467,Thailand,Bangkok,66035,여행편의,SIMTONG 태국유심(플렉시롬 53개국 1GB/7Days 스타터팩)충전식 글로벌 유심
468,Malaysia,Kuala Lumpur,18453,여행편의,[반값특가] 무제한 베트남 /태국/싱가폴/캄보디아/필리핀/인도네시아/말레이시아 포켓와이파이
469,Thailand,Bangkok,71963,가이드 투어,[투어] 방콕 통로 맛집과 멋집 탐방 (태국/방콕)
470,Thailand,Bangkok,81466,가이드 투어,[단독 투어] 왕궁/왓포 투어/툭툭체험 - 한국어 가이드 서비스 (태국/방콕)
471,Thailand,Bangkok,71962,가이드 투어,[투어] 방콕의 숨은 맛집과 멋집 초콜릿빌 폴스인러브 (태국/방콕) 
472,Thailand,Chiang Mai,77280,액티비티,[투어] 후웨이퉁타오 호수+짚라인 & 사진 촬영 (태국/치앙마이)
473,Thailand,Chiang Mai,80016,가이드 투어,[치앙마이 출발] 치앙라이+고산족마을+ 매카찬 온천 종일투어 (태국/치앙마이/치앙라이)
474,Thailand,Bangkok,80502,여행편의,[투어] (단독투어-봉고차) 무앙보란+ 왕복 차량 :: 태국/방콕
475,Thailand,Bangkok,80452,가이드 투어,[투어] (단독투어-봉고차) 사파리 파크+ 마린파크+ 뷔페+ 왕복 차량  ::태국/방콕
476,Thailand,Pattaya,74020,여행편의,[픽업샌딩] 파타야 시내 ↔ 방콕 공항(수완나폼) 편도 픽업/샌딩 (태국/파타야)
477,Viet Nam,Da Nang,34166,여행편의,[플레이유심]베트남/태국(데이터16GB추가증정) /필리핀 유심 (공항수령무료/출국전일가능)
478,Thailand,Bangkok,53044,티켓/교통패스,방콕 : 탄 생츄어리 스파 이용권 티켓 (스쿰빗 47)
479,Philippines,Boracay,22389,가이드 투어,[보라카이] 공항 리조트 픽업샌딩_왕복픽업 + 악마의잼 1병 + 식당할인쿠폰
480,Philippines,Cebu,52003,액티비티,[투어] 포카리스웨트 섬 호핑투어(수중사진/맥주/BBQ뷔페/안전스텝) (필리핀/세부)
481,Philippines,Bohol,34004,액티비티,[투어] 보홀 발리카삭 호핑투어 
482,Philippines,Boracay,19986,액티비티,[보라카이] 스타인 선셋 호핑투어 (매크선 대체상품/스노클링2회/비치방문/선셋투어)
483,Philippines,Cebu,79637,가이드 투어,[투어] 세부 카모테스섬 당일치기 데이투어 (필리핀/세부) 
484,Philippines,Bohol,75702,액티비티,[투어] 레고 씨월드 (필리핀/보홀)
485,Philippines,Bohol,75701,액티비티,[투어] (2일) 레고 완전정복 투데이 (필리핀/보홀)
486,Philippines,Bohol,75703,액티비티,[투어] 레고 팡팡 원데이투어 (필리핀/보홀)
487,Philippines,Manila,66565,여행편의,"[인천공항 수령] 필리핀 유심 - Smart LTE  + SNS 추가 데이터 / (보라카이 유심, 세부 유심, 보홀 유심, 마닐라 유심, 필리핀 전역 사용 가능)"
488,Viet Nam,Da Nang,34166,여행편의,[플레이유심]베트남/태국(데이터16GB추가증정) /필리핀 유심 (공항수령무료/출국전일가능)
489,Japan,Osaka,4302,여행편의,간사이공항  픽업 서비스!! 오사카숙소 / 고베숙소 / 교토숙소
490,Japan,Osaka,6596,여행편의,[픽업샌딩] (편도) 간사이 공항↔오사카/교토/고베/나라 고급벤이동(19년 3월 출고신차)
491,Japan,Tokyo,42505,가이드 투어,[투어] 나리타 공항에서 숙소까지 픽업 서비스 :: 일본/도쿄
492,Japan,Sapporo,25367,가이드 투어,[엔데이트립 Ndaytrip] 북해도 6스팟 비에이*후라노 겨울왕국 1일 투어(추가비용X)
493,Japan,Osaka,8769,가이드 투어,[평일한정]오사카 반나절 투어 하기!
494,Japan,okinawa,46730,액티비티,"[투어] 오키나와 푸른동굴 스노쿨링 (먹이체험, 사진촬영 전송 무료) :: 일본/오키나와"
495,Japan,Sapporo,35656,가이드 투어,[투어][흰그림자투어] 비에이 후라노 버스 투어 (삿포로역과 스스키노 하차가능)
496,Japan,nara,82966,즐길거리,히노키 목공예 체험 (일본/나라)
497,Japan,Osaka,63686,티켓/교통패스,[QR 교환권] 오사카 라피트 편도권 티켓 교환권 (인천공항 수령 일본 유심 함께 구매시 추가 할인 혜택까지!)
498,Japan,Osaka,63685,티켓/교통패스,[QR 교환권] 오사카 라피트 왕복권 티켓 교환권 + 쇼핑 쿠폰 (인천공항 수령 일본 유심 함께 구매시 추가 할인 혜택까지!)
499,China,Jinan,81994,가이드 투어,지난 야오창 국제공항 시내호텔 픽업/샌딩 서비스
500,China,Xiamen,77385,가이드 투어,"중국 속의 유럽 ""샤먼"" 일일 투어 (발마사지 포함) "
501,China,Xian,68012,가이드 투어,"시안 - 천년의 역사속으로 떠나는 진시황 병마용, 화청지, 실크로드 레전드 (중국/서안)"
502,China,Xian,64688,가이드 투어,"시안-천년의 역사속으로 떠나는 진시황 병마용, 지하궁전, 화청지 투어 (중국/서안)"
503,China,Qingdao,70897,가이드 투어,[픽업샌딩] 칭다오 현지 주재원이 청도공항 픽업 및 샌딩 해드려요.(중국)
504,China,Beijing,72484,가이드 투어,[투어]  북경 시외투어 - 용경협빙등제  (중국/베이징)
505,China,Beijing,66833,가이드 투어,[투어]  북경 시외투어 - 명13릉편 -   (중국/베이징)
506,China,Beijing,65689,가이드 투어,[투어] 북경 핵심 쿡 ! 일일투어 (중국/베이징)
507,Thailand,Bangkok,66035,여행편의,SIMTONG 태국유심(플렉시롬 53개국 1GB/7Days 스타터팩)충전식 글로벌 유심
508,China,Beijing,55105,여행편의,"[공항유심] 중국 4G LTE 속도 무제한, 4일/ 15일/ 30일  - 가성비최고 !"
509,"Korea, Republic of",Jeju,52177,스냅촬영,[스냅] 제주도 히든스팟에서 즐기는 스냅촬영(1시간) (대한민국/제주도)
510,"Korea, Republic of",Jeju,33462,스냅촬영,[스냅] 제주에서 데이트/웨딩/우정/가족 촬영 1시간 :: 대한민국/제주도
511,"Korea, Republic of",Jeju,79378,가이드 투어,[투어] 제주도 버스투어 원데이/패키지 뚜벅이 동부코스 여행 (대한민국/제주도)
512,"Korea, Republic of",Jeju,65542,가이드 투어,[투어] 제주도 버스투어 원데이/패키지 뚜벅이 서부코스 여행 (대한민국/제주도)
513,"Korea, Republic of",Jeju,20291,가이드 투어,"[제주 원데이 버스투어] 동쪽의 여름(월/수/금) 추가 비용X , 제주 버스투어 홍스타투어"
514,"Korea, Republic of",Jeju,82000,스냅촬영,[커플 촬영] (1시간) 제주밤 야경 스냅 / 웨딩스냅 / 우정스냅 / 최대2팀 촬영
515,"Korea, Republic of",Jeju,64709,가이드 투어,[인디고사진관]제주 서부 '별아모해' 6핵심코스 버스투어+종료후샌딩(스냅 사진 제공이벤트)
516,"Korea, Republic of",Seoul,52166,즐길거리,"[체험] 취향 찾아 향수만들기, 조향체험 클래스! 서울 이태원 우사단(대한민국/서울)"
517,"Korea, Republic of",Seoul,43365,티켓/교통패스,[최저가] 에버랜드 자유이용권 종일/오후/야간권
518,"Korea, Republic of",Seoul,70816,티켓/교통패스,[최저가] 서울 롯데월드 자유이용권(종합/After4/After7)
519,"Taiwan, Province of China",Taichung,42413,가이드 투어,[투어] 삼림계 일일투어(망우삼림+삼림계+도깨비마을)타이중 출발! :: 대만/타이중
520,"Taiwan, Province of China",Taipei,32087,가이드 투어,[대만일일투어]착한 100%출발 10시 예스진지+지우펀 160분 홍등 버스투어 버블티시먼역
521,"Taiwan, Province of China",Taipei,29050,가이드 투어,현지인 키미랑 예스진지에서 미치게 놀자 [ 한국어 택시투어 ]
522,"Taiwan, Province of China",Taipei,55119,가이드 투어,[투어]대만12시出예스폭지+야경버스투어100%출발확정/식당예약/버블티/땅콩아이스크림/펑리수
523,"Taiwan, Province of China",Taipei,19764,가이드 투어,[대만일일투어]착한 100%출발 10시20분 예스폭진지+홍등 야경 버스투어 시먼역/메인역
524,"Taiwan, Province of China",Hualian,76544,가이드 투어,[투어] 대만2일 여행 화련 기차투어+예스폭진지 야경버스투어 *쿠폰북/진과스음료 증정
525,"Taiwan, Province of China",Gāoxióng,79370,가이드 투어,"[맞춤택시투어] 가오슝 근교 일일투어 불광산, 치진섬, 용호탑, 루이펑 야시장 중국어서비스"
526,"Taiwan, Province of China",Gāoxióng,79372,가이드 투어,"[맞춤택시투어] 가오슝 근교 일일투어 불광산, 치진섬, 용호탑, 루이펑 야시장 영어 서비스"
527,"Taiwan, Province of China",Taipei,72328,티켓/교통패스,타이페이 : 육복촌 테마파크 할인 입장권
528,"Taiwan, Province of China",Taipei,59178,티켓/교통패스,대만 타이페이 국립 고궁 박물관 입장권 티켓 (인천공항 수령 대만 유심 함께 구매시 추가 할인 혜택까지!)
529,Macao,Macau,61980,가이드 투어,[투어] 마카오 핵심관광지 9시간 버스투어 *한국어가이드/점심포함* (마카오)
530,Macao,Macau,70824,가이드 투어,마카오의 모든 걸 알고있는 똑똑 가이드!  마카오 워킹투어 ! 
531,Macao,Macau,68575,가이드 투어,[투어] 파격특가!!! 10일간 할인 이벤트 *수신기투어* 블링블링 나이트워킹투어(마카오)
532,Macao,Macau,66547,가이드 투어, [투어] 파격 특가!!! 10일간 할인 이벤트 *수신기투어* 세계문화유산 투어 (마카오)
533,Macao,Macau,66155,가이드 투어,[투어] (마카오타워 에프터눈티 포함)전용차량이용-세계문화유산&나이트투어+공항샌딩
534,Macao,Macau,65822,가이드 투어,[투어] 찰스의 마카오 이야기 #전용차량투어 #베테랑가이드#단독투어
535,Macao,Macau,25365,여행편의,[차량이동] 마카오 공항  ↔ 호텔 간 픽업서비스 (마카오)
536,Macao,Macau,65197,가이드 투어,"마카오 별빛 밤거리 여행(나이트투어, 이색 야경, 호텔쇼, 주택박물관,마카오8대야경)"
537,Macao,Macau,79935,티켓/교통패스,마카오 : 마카오 타워 VIP 스카이하이 우선 입장권
538,Macao,Macau,79753,티켓/교통패스,홍콩 : 홍콩 & 마카오 어트랙션 패스 (5일권)
539,Singapore,Singapore,78159,가이드 투어,"싱가폴 문화체험 일일투어 (가이드+차량, 말레이 거리+리틀인디아+차이나타운+센토사)"
540,Singapore,Singapore,74883,가이드 투어,[투어] 싱가포르 시내중심 핵심코스 시티투어(올드시티&강변+부기스+하지레인+차이나타운)
541,Singapore,Singapore,62189,가이드 투어,[투어] 에코 역사산책 [2층시내버스-호트공원-텔록블랑가힐-헨더슨브릿지-마운트훼이버공원] (싱가포르) 
542,Singapore,Singapore,59927,액티비티,"[투어] 인도네시아 라구나 골프 빈탄 무제한 골프 여행, 출발부터 가이드 동행 (인도네시아/빈탄)"
543,Singapore,Singapore,59734,가이드 투어,[투어] 싱가포르에서 현지인처럼 여행하기 (싱가포르)
544,Singapore,Singapore,59683,가이드 투어,[투어] (여행 크리에이터) 아름다운 야경과 나이트 라이프 즐기기 (싱가포르)
545,Singapore,Singapore,56879,스냅촬영,[스냅] 사진 핫 한 싱가포르에서 '인생사진' 
546,Singapore,Singapore,56072,가이드 투어,[투어] 싱가포르 데이투어B (가이드+차량 ※주요코스:GBB1돔+스카이팍+리버사파리)
547,Singapore,Singapore,54720,티켓/교통패스,"싱가포르(싱가폴) 루지 + 스카이 라이드 2회,3회 & 4회 탑승권 (인천공항 수령 싱가폴 유심 함께 구매시 추가 할인 혜택까지!)"
548,Singapore,Singapore,59179,티켓/교통패스,싱가포르(싱가폴) 리버 크루즈 탑승권 티켓 (성인)
549,Hong Kong,Hong Kong,81500,가이드 투어,[투어] 홍콩 Crystal Bus (Lunch Tour) + 야시장 가이드 투어
550,Hong Kong,Hong Kong,74918,가이드 투어,"[그룹투어] 홍콩 돋보기 주말 투어 / 에버딘 삼판,센트럴 SOHO,템플 스트리트 야시장"
551,Hong Kong,Hong Kong,74705,가이드 투어,홍콩 아파트 투어 : 홍콩 아파트 월세 계약을 위한 사전 답사 동행 가이드
552,Hong Kong,Hong Kong,68744,여행편의,[픽업샌딩] 홍콩 공항 ↔ 호텔 7인승밴 픽업서비스 (편도)
553,Hong Kong,Hong Kong,66604,가이드 투어,"[투어] 홍콩 란타우섬, 수상마을 및 현지인 생활 모습 집중체험 (홍콩)"
554,Hong Kong,Hong Kong,69295,가이드 투어,[차량 투어] (홍콩)  복잡한 도심에서 편안함을 느낄 수 있는  최고의 힐링 투어 
555,Hong Kong,Hong Kong,66830,가이드 투어,[투어] 홍콩 야경 수신기 워킹 투어 (패스트트랙 포함)  (홍콩)
556,Hong Kong,Hong Kong,39398,스냅촬영,[스냅] 홍콩 디즈니랜드 스냅 사진 촬영(1시간) (홍콩)
557,Hong Kong,Hong Kong,66562,여행편의,[인천공항 수령] 홍콩 유심 - CMHK 데이터 무제한
558,Thailand,Bangkok,66035,여행편의,SIMTONG 태국유심(플렉시롬 53개국 1GB/7Days 스타터팩)충전식 글로벌 유심
559,United Arab Emirates,dubai,53117,스냅촬영,"단독스냅투어, 두바이스냅,  중동 느낌 물씬나는 스냅투어 (아랍에미리트/두바이)"
560,United Arab Emirates,abudhabi,74191,가이드 투어,[스냅투어] 사진가 Paul의 루브르 아부다비 스냅 + 가이드 :: 아부다비/UAE
561,United Arab Emirates,abudhabi,74475,가이드 투어,[차량투어/두바이 픽업] 사진가 Paul의 아부다비 스냅 여행 :: 아부다비/두바이
562,United Arab Emirates,dubai,71766,가이드 투어,[투어] [콤보할인] 두바이 시티&사막 사파리투어 *한국어가이드* (아랍에미리트/두바이)
563,United Arab Emirates,dubai,72414,가이드 투어,[투어] 아부다비 출발 두바이 종일 시티투어 (아랍에미리트/두바이)
564,United Arab Emirates,dubai,60810,가이드 투어,[투어] 알짜배기 신시가지 투어 - 한국인 가이드 (아랍에미리트/두바이)
565,United Arab Emirates,dubai,60766,가이드 투어,[투어] 알짜배기 구시가지 투어 - 한국인 가이드 (아랍에미리트/두바이)
566,United Arab Emirates,dubai,60454,스냅촬영,[스냅투어] 한나절 두바이 스냅투어 (단독차량 + 스냅촬영 + 시티투어)
567,United Arab Emirates,abudhabi,77073,티켓/교통패스,아부다비 : 루브르 아부다비 입장권 
568,United Arab Emirates,dubai,60854,티켓/교통패스,두바이 : 부르즈 할리파 전망대 입장권 티켓
569,Armenia,Yerevan,78151,가이드 투어,예레반 : 세반 호 & 딜리잔 & 고샤반크 & 하가르트신 셀프 가이드 투어
570,Armenia,Yerevan,78150,가이드 투어,예레반 : 타테브 케이블카 & 제르마크 폭포 프라이빗 투어
571,Armenia,Yerevan,78149,가이드 투어,"예레반 : 에치미아진, 즈바르트노츠, 세반 호수, 딜리잔 투어 (셀프 가이드)"
572,Armenia,Yerevan,78148,가이드 투어,"예레반 : 아르차흐, 슈샤, 다디반크, 세반호 투어 (2일)"
573,Armenia,Yerevan,78146,가이드 투어,예레반 : 아르메니아 프라이빗 투어 (3일)
574,Armenia,Yerevan,78145,가이드 투어,"예레반 출발 : 코르비랍, 에치미아진, 즈바르트노츠 투어 (셀프 가이드)"
575,Armenia,Yerevan,78143,가이드 투어,"예레반 : 가르니 사원, 게하르트 수도원, 세반호 프라이빗 투어"
576,Armenia,Yerevan,78142,가이드 투어,예레반 : 코르 비랍 수도원 프라이빗 투어 (셀프 가이드)
577,Armenia,Yerevan,78140,가이드 투어,"예레반 : 코르비랍 수도원, 가르니 사원, 세반호 프라이빗 투어 (셀프 가이드)"
578,Azerbaijan,Baku,60664,가이드 투어,바쿠 : 1일 프라이빗 시티 투어
579,Azerbaijan,Baku,58968,가이드 투어,바쿠: 반나절 시티 투어
580,Azerbaijan,Baku,58967,가이드 투어,바쿠 : 고부스탄 국립공원 & 진흙화산 얼티미트 투어
581,Azerbaijan,Baku,58966,여행편의,바쿠 : 공항 이송 서비스
582,Azerbaijan,Baku,34717,가이드 투어,"바쿠: 아티샤흐, 불타는 산, 로컬 시장 프라이빗 투어"
583,Azerbaijan,Baku,34716,가이드 투어,바쿠의 아름다운 밤! 프라이빗 야경 투어
584,Azerbaijan,Baku,34715,가이드 투어,바쿠: 석기시대 가이드 투어 (고부스탄/이화산/모스크 회교사원)
585,Jordan,Amman,77575,가이드 투어,암만 출발 : 페트라 당일치기 투어
586,Jordan,Amman,77579,가이드 투어,암만 출발 : 반나절 페트라 교통편 
587,Jordan,Amman,38628,가이드 투어,"미생, 마션 촬영지로 유명한 와디럼 사막 캠프에서의 1박 :: 요르단/암만"
588,Jordan,Amman,32941,티켓/교통패스,바다에서 책을 볼수있는 요르단 사해 체험!!
589,Jordan,Petra,32879,티켓/교통패스,세계 7대 불가사의 요르단 나이트 페트라 입장권 티켓! (픽업 및 드랍 가능)
590,Israel,Jerusalem,21807,가이드 투어,예루살렘 유대교 투어
591,Israel,Jerusalem,7671,가이드 투어,예루살렘 도보 투어
592,Israel,Jerusalem,7642,가이드 투어,예루살렘 주변지역 차량 투어
593,Thailand,Bangkok,66035,여행편의,SIMTONG 태국유심(플렉시롬 53개국 1GB/7Days 스타터팩)충전식 글로벌 유심
594,Israel,Jerusalem,79683,티켓/교통패스,예루살렘 시티 패스 7일권 (벤 구리온 공항 픽업)
595,Israel,Jerusalem,79682,티켓/교통패스,예루살렘 시티 패스 3일권 (자할 광장 픽업)
596,Israel,Jerusalem,79681,티켓/교통패스,예루살렘 : 예루살렘 시티 패스 3일권 (벤 구리온 공항 픽업 포함)
597,Israel,Jerusalem,77576,가이드 투어,"예루살렘 출발 : 페트라, 제라슈, 암만 투어 (1박 2일)"
598,Israel,Tel Aviv,77580,가이드 투어,텔아비브 출발 : 페트라 & 제라슈 & 암만 1박 2일 투어
599,Israel,Tel Aviv,74575,여행편의,텔 아비브 : 벤 구리온 공항 프라이빗 이송 서비스 (시내 방향)
600,Qatar,Doha,39121,여행편의,도하 하마드 국제공항(DOH) : 프라이빗 픽업/샌딩 서비스 티켓
601,Qatar,Doha,49884,가이드 투어,[도하] 프라이빗 시티 야경 투어
602,Qatar,Doha,49882,가이드 투어,[도하] 프라이빗 시티 투어
603,Qatar,Doha,49881,즐길거리,[도하] 사막 사파리 듄베이싱 & 낙타 라이딩
604,Qatar,Doha,36012,가이드 투어,[트랜짓투어/환승투어] 막간을 이용한 도하 시티 투어
605,Qatar,Doha,36011,가이드 투어,도하 사막 사파리/낙타 체험/내해 투어
606,Qatar,Doha,36009,가이드 투어,도하: 스릴만점 사막 사파리와 낙타 체험 투어
607,Nepal,Kathmandu,75776,여행편의,[네팔 유심] 매일 LTE 200MB 데이터 무제한 
608,Nepal,Kathmandu,65881,여행편의,카트만두 ↔ 포카라 투어 버스 이용권
609,Nepal,Kathmandu,58988,가이드 투어,카트만두: 보드나트 스투파 & 파슈파티나트 사원 프라이빗 투어(한나절)
610,Nepal,Kathmandu,58987,가이드 투어,카트만두: 파슈파티나트 힌두사원 & 보드나트 스투파
611,Nepal,Kathmandu,58986,가이드 투어,카드만두 출발: 찬드라기리 힐스 당일 투어(호텔픽업 포함)
612,Nepal,Kathmandu,39437,가이드 투어,카트만두 : 11박 12일 에베레스트 베이스캠프 프라이빗 트레킹
613,Nepal,Kathmandu,39434,여행편의,카트만두 트리부반 공항 : 프라이빗 픽업/샌딩 서비스 티켓
614,Nepal,Kathmandu,39432,가이드 투어,카트만두 : 11박 12일 안나푸르나 트레킹
615,Nepal,Kathmandu,49796,즐길거리,카트만두 : 네팔의 인기 만두(모모) 쿠킹 클래스
616,Nepal,Kathmandu,21632,가이드 투어,카트만두 계곡 사원과 사리탑 투어
617,Mongolia,Ulaanbaatar,83290,가이드 투어,[투어]몽골 쳉헤르온천+ 엘승타사르해(미니사막) 2박3일 투어
618,Mongolia,terelj,82901,가이드 투어,[투어]몽골 엘승타사르해(미니사막) 1박2일 투어 (몽골/엘승타사르해)
619,Mongolia,terelj,82854,가이드 투어,[투어] 몽골 테를지(게르) 1박 2일 투어 (몽골/테를지)
620,Mongolia,Ulaanbaatar,82428,가이드 투어,[투어] 몽골 울란바토르 시내 일일투어 (몽골/울란바토르)
621,Mongolia,Ulaanbaatar,56352,가이드 투어,[당일예약/즉시확정] 울란바토르 시내 반나절 워킹투어(몽골/울란바토르)
622,Mongolia,terelj,80483,가이드 투어,[즉시확정] 몽골 테를지 국립공원 버스투어 
623,Mongolia,Ulaanbaatar,76795,가이드 투어,[투어] 고비사막+테를지 실투어 6박 7일 (별 보기 가장 적당한 몽골 투어 코스) 
624,Mongolia,Ulaanbaatar,77343,가이드 투어,[투어] 몽골 고비 사막투어 실투어 4박 5일
625,Thailand,Bangkok,66035,여행편의,SIMTONG 태국유심(플렉시롬 53개국 1GB/7Days 스타터팩)충전식 글로벌 유심
626,Mongolia,Ulaanbaatar,62348,가이드 투어,울란바토르 : 복드칸 산 유적지 하이킹 투어
627,Bangladesh,Dhaka,81696,여행편의,[비자] 방글라데시 상용 비자 발급 대행
628,Sri Lanka,Colombo,81688,여행편의,[비자] 스리랑카 전자비자 발급 대행
629,Uzbekistan,Tashkent,75808,여행편의,[우즈베키스탄 유심] 매일 200MB 3G데이터 무제한 
630,India,Varanasi,83128,가이드 투어,[인도][프라이빗] 바라나시 갠지스강 요가체험 
631,India,Kochi,82526,가이드 투어,[투어] 남인도 코친 일일투어 (인도/코친)
632,India,Bengaluru,82425,가이드 투어,[투어] 인도 마이소르 일일투어 (벵갈루루 출발)
633,India,Udaipur,76346,스냅촬영,"[스냅] (60분) 인도댁의 #인도다운인도, 우다이푸르 시티팰리스+골목벽화 투어 "
634,India,Delhi,73878,가이드 투어,[투어] 인도 델리 반나절 시티투어 (인도/델리)
635,Thailand,Bangkok,66035,여행편의,SIMTONG 태국유심(플렉시롬 53개국 1GB/7Days 스타터팩)충전식 글로벌 유심
636,India,Delhi,81519,여행편의,[비자] 인도 전자비자 e-Visa 발급 대행 (관광)
637,India,Jaipur,76980,액티비티,자이푸르 : 자전거 타고 떠나는 시티 투어 (오전)
638,India,Jaipur,76979,가이드 투어,자이푸르 : 암베르 요새 워킹 투어
639,India,Delhi,76328,가이드 투어,델리 : 일몰 후 즐기는 나이트 시티 투어
640,Kazakhstan,Almaty,27836,가이드 투어,"카자흐스탄,  스키보드 하루 종일 타기, 쉼불락 리조트, 알마티 시티투어, 비지니스 통역"
641,Kazakhstan,Almaty,17316,가이드 투어,알마티! 천산에 올라
642,Thailand,Bangkok,66035,여행편의,SIMTONG 태국유심(플렉시롬 53개국 1GB/7Days 스타터팩)충전식 글로벌 유심
643,United States of America,Las Vegas,20220,가이드 투어,그랜드캐년+앤텔롭+홀슈밴드+파웰호+자이언+캐년 야경1일투어(기간 한정 / 봄 특가 세일)
644,United States of America,Hawaii,32529,액티비티,거북이 보는 하와이 스노클링 투어 (한인고객만/한인가이드)
645,United States of America,Las Vegas,33160,가이드 투어,편안한 미국 별장 숙박 (1박2일 4대캐년) 그랜드캐년 투어 399-150 할인= 249불
646,United States of America,Las Vegas,27825,가이드 투어,"[럭셔리 캠핑/별장] 그랜드캐년, 브라이스캐년 포함 6대캐년 1박2일 투어 (239불)"
647,United States of America,Las Vegas,26457,가이드 투어,"[하루투어] 그랜드캐년,자이언캐년,엔텔롭캐년등 *사계절코스동일*전일정3식,간식*별구경"
648,United States of America,San Francisco,20018,가이드 투어,요세미티 국립공원 일일투어 (글래시어포인트포함)
649,United States of America,Las Vegas,30826,가이드 투어,[품격펜션/호텔]1박2일=5대캐년(+브라이스캐년)+벤츠+랍스터&훈제BBQ
650,United States of America,Hawaii,54991,여행편의,[픽업샌딩] 하와이 공항 픽업/샌딩 셔틀 (미국/하와이)
651,United States of America,Los Angeles,57352,티켓/교통패스,LA 유니버셜 스튜디오 할리우드 입장권  [2일권 업그레이드+인천공항 수령 북미유심] 
652,United States of America,New York City,53790,여행편의,[공항유심] 미국유심  AT&T망 4G 무제한 + 한국전화 100분 무료(공항수령 무료) 
653,Canada,Banff,31840,가이드 투어,"캐나다 서부 [밴프 국립공원/로키산맥] 자유여행 (1일, 2일, 3일 투어)"
654,Canada,Vancouver,73767,가이드 투어,[자체 차량] 밴쿠버 다운타운 투어 (*캐필라노 방문 옵션 가능) (캐나다) 
655,Canada,Vancouver,73817,가이드 투어,[자체 차량] 휘슬러 당일 관광 및 액티비티 (밴쿠버 출발 / 캐나다)
656,Canada,Quebec,76348,가이드 투어,[블루버드여행사] - 퀘벡 2박 3일 (캐나다/토론토 출발)
657,Canada,Banff,76351,가이드 투어,[블루버드여행사] - 품격 록키투어 3박4일  (캐나다/밴쿠버)
658,Canada,Victoria Island,76169,가이드 투어,[블루버드여행사] - 빅토리아 당일투어 (캐나다/밴쿠버)
659,Canada,Toronto,76168,가이드 투어,[블루버드여행사] - 토론토 당일투어 한인가이드 동행 (캐나다/토론토)
660,Canada,Niagara Falls,76166,가이드 투어,[블루버드여행사] - 나이아가라 폭포 당일투어 한인가이드 동행 (캐나다/토론토)
661,Canada,Niagara Falls,65071,여행편의,"[무료 배송] 미국 유심 - AT&T/Lyca mobile 유심 3종 / (미국 유심, LA 유심, 뉴욕 유심, 미국 전역 사용 가능)"
662,United States of America,San Francisco,30519,여행편의,[인천공항수령가능]미국유심/ 캐나다/ 멕시코 T-MOBILE  7Day 무제한
663,Guatemala,Guatemala City,77809,가이드 투어,과테말라 : 티칼 일일 투어 (점심식사 포함)
664,Guatemala,Guatemala City,77807,액티비티,과테말라 : 파카야 화산 트레킹 투어
665,Guatemala,Guatemala City,26213,가이드 투어,과테말라시티에서 떠나는 티칼 국립공원 일일 투어
666,Guatemala,Guatemala City,16296,가이드 투어,과테말라 시티에서 출발하는 치치카스테낭고 & 아티틀란 호수 투어
667,Guatemala,Guatemala City,16289,가이드 투어,과테말라 시티 반나절 투어
668,Guatemala,Guatemala City,16200,가이드 투어,과테말라 시티에서 출발하는 안티구아 모닝 투어 
669,Dominican Republic,Punta Cana,59109,액티비티,푼타카나 : 카리브해의 외딴 해변에서 즐기는 승마 투어 (4시간)
670,Dominican Republic,Punta Cana,59106,가이드 투어,푼타카나에서 출발하는 산토 도밍고 당일 역사 투어
671,Dominican Republic,Punta Cana,59111,가이드 투어,[1~3월 예약가능] 푼타 카나 혹등고래 관광 및 체험
672,Dominican Republic,Punta Cana,59107,액티비티,푼타카나: 상어와 가오리가 있는 스노클링 & 유리바닥 보트 호수 투어
673,Dominican Republic,Punta Cana,59103,여행편의,푼타카나: 푼타카나 공항 및 바바로 시내 프라이빗 이송 서비스
674,Dominican Republic,Punta Cana,59102,액티비티,푼타카나: 쌍동선 & 스노클링 체험 소규모 투어
675,Dominican Republic,Punta Cana,59108,액티비티,푼타카나에서 짜릿하게 즐기는 짚라인 체험
676,Dominican Republic,Punta Cana,59101,액티비티,"푼타카나: 패러세일링, 스노클링 크루즈, 상어와 가오리 만나기"
677,Dominican Republic,Santo Domingo,35294,가이드 투어,산토 도밍고에서 출발하는 사오나섬 종일 투어
678,Dominican Republic,Santo Domingo,35292,여행편의,산토 도밍고 워킹 투어(박물관 입장권/오디오 가이드 포함)
679,Mexico,Cancun,31410,가이드 투어,당일투어 칸쿤 필수코스! 핑크라군+익킬세노떼+치첸잇사
680,Mexico,Cancun,56541,스냅촬영,[스냅] 칸쿤 스냅 커플 비치 촬영 1시간 (멕시코/칸쿤)
681,Mexico,Mexico City,82136,가이드 투어,[투어] 멕시코시티 환승투어 (8시간코스)
682,Mexico,Mexico City,82379,가이드 투어,[투어] 멕시코시티 환승투어 (3시간코스)
683,Mexico,Cancun,80012,가이드 투어,[한결투어 단독] 칸쿤 나이트 시티투어 (한국인가이드) (멕시코/칸쿤)
684,Mexico,Cancun,79900,가이드 투어,[배틀트립 출연] 한국인 가이드와 함께하는 치첸잇사+익킬세노테+핑크라군 1일투어
685,Mexico,Cancun,80008,액티비티,[단독투어] Maroma beach 럭셔리 해양 스포츠 (멕시코/칸쿤)
686,Mexico,Cancun,80009,액티비티,[단독투어] RIO SECRETO PLUS 리오 세크레토 &  ATV COMBO 
687,Mexico,Cancun,35494,티켓/교통패스,[차량] 칸쿤 공항 - 각 지역 차량 픽업/샌딩 서비스
688,Mexico,Cancun,38639,액티비티,[투어] 칸쿤 호텔존 정글투어[한국인 가이드 체크인]
689,Bahamas,Nassau,16041,액티비티,나소 : 2시간 동안 즐기는 바하마 체험 패키지
690,Bahamas,Nassau,16039,액티비티,나소 캐비지 해변에서 즐기는 패러세일
691,Bahamas,Nassau,16035,가이드 투어,나소 : 음식 & 문화 투어
692,Bahamas,Nassau,16032,액티비티,나소에서 즐기는 한시간 제트 스키 체험
693,United States of America,New York City,53790,여행편의,[공항유심] 미국유심  AT&T망 4G 무제한 + 한국전화 100분 무료(공항수령 무료) 
694,United States of America,San Francisco,30519,여행편의,[인천공항수령가능]미국유심/ 캐나다/ 멕시코 T-MOBILE  7Day 무제한
695,United States of America,San Francisco,41593,여행편의,[미국유심] 미 서부 T-MOBILE 장기플랜 데이터 3GB~무제한 선택 90일or120일
696,Mexico,Guanajuato,28452,여행편의,[말톡] 미국/캐나다/멕시코 T-Mobile LTE 미국유심 공항수령무료 
697,Mexico,Guanajuato,28450,여행편의,[말톡] 미국/캐나다/멕시코 AT&T LTE 미국유심 공항수령무료
698,Bolivia,lapaz,63735,가이드 투어,[투어] 차칼따야 설산&달의 계곡 투어 (볼리비아/라파스)
699,Bolivia,lapaz,63732,가이드 투어,[투어] 라파즈 명물 케이블카(텔레페리코) 투어 (볼리비아/라파스)
700,Bolivia,lapaz,63733,가이드 투어,[투어] 라파즈 시티+달의 계곡 투어 (볼리비아/라파스)
701,Bolivia,lapaz,63731,가이드 투어,[투어] 라파즈 시장 반나절 워킹 투어 (볼리비아/라파스)
702,Bolivia,lapaz,63734,가이드 투어,[투어] 잉카 문명 티와나쿠 반나절 투어 (볼리비아/라파스)
703,Bolivia,lapaz,63738,가이드 투어,[투어] 코로이꼬&핀까 샨티 투어 (볼리비아/라파스)
704,Bolivia,lapaz,63737,가이드 투어,[투어] 코로이꼬 아열대 정글 탐험 (볼리비아/라파스)
705,Bolivia,lapaz,63568,가이드 투어,[투어] 라파즈 시티 워킹 투어 (볼리비아/라파스)
706,Bolivia,Uyuni,76750,가이드 투어,우유니 출발 : 2박 3일 소금 사막 & 유색 석호 투어 (아타카마 종료)
707,Bolivia,Uyuni,76762,가이드 투어,우유니 : 소금 평원에서 즐기는 야경 & 일출 투어 
708,Brazil,Foz do Iguacu,69194,가이드 투어,[투어] 브라질 이과수 폭포 DAY 투어 (브라질/ 훠스 두 이과수)
709,Brazil,Rio de Janeiro,58695,가이드 투어,[투어] 리오 데 자네이로 (페트로 폴리스-full day)-단독투어 (브라질/리오 데 자네이루)
710,Brazil,São Paulo,43156,가이드 투어,[투어] 상파울로 차량 시티투어 :: 브라질/상파울루
711,Brazil,Rio de Janeiro,42297,가이드 투어,[투어] 코르코바도 예수상 & 슈가로프 투어 (한국인가이드) :: 브라질/리우 데 자네이루
712,Brazil,Rio de Janeiro,39901,가이드 투어,[투어] 리우데자네이루 한인 시티투어 (텔레그라포 포함) :: 브라질/리우데자네이루
713,Brazil,Rio de Janeiro,39073,가이드 투어,[투어] 리우데자네이루 한인 시티투어 (카니발경기장 포함) :: 브라질/리우데자네이루
714,Brazil,Rio de Janeiro,38338,여행편의,[공항픽업샌딩] 브라질 리오데자네이루 공항~시내호텔 ((안전한 픽업/샌딩))
715,Brazil,São Paulo,38400,여행편의, [공항픽업샌딩] 브라질 상파울루 공항~시내호텔 ((안전한 픽업/샌딩))  
716,Brazil,Rio de Janeiro,66033,티켓/교통패스,SIMTONG 남미유심(플렉시롬 53개국 1GB/7Days 스타터팩)충전식 글로벌 유심
717,Brazil,Foz do Iguacu,80070,액티비티,포스 두 이구아수 : 이구아수 폭포 헬리콥터 탑승권
718,Aruba,Arequipa,77553,가이드 투어,아루바 : 여유 가득 보트 투어 (스노클링 & 오픈 바 포함)
719,Argentina,Puerto Iguazu,29614,가이드 투어,[투어] 세계 최대 규모의 이과수 폭포 1박2일 투어 :: 아르헨티나/푸에르토이과수
720,Argentina,buenos aires,67672,가이드 투어,[투어] 카를로스 가르델 탱고 디너쇼 (3코스 식사/음료 포함) + 개별 픽업 (아르헨티나/부에노스아이레스)
721,Argentina,Puerto Iguazu,61766,가이드 투어,[투어] 이과수 3박 4일 프라이빗 투어 (아르헨티나/푸에르토이과수)
722,Argentina,buenos aires,56402,가이드 투어,"[투어] 전통 문화 체험 가우쵸 쇼+점심 정식, 음료, 마차, 말타기 포함 (개별 픽업) (아르헨티나/부에노스아이레스)"
723,Argentina,buenos aires,56206,가이드 투어,[투어] 세뇨르 탱고 디너 쇼 (3코스 식사/음료 포함) + 개별 픽업 (아르헨티나/부에노스아이레스)
724,Argentina,buenos aires,56202,가이드 투어,[투어] 피아졸라 탱고 디너쇼 (3코스 식사/음료 포함) + 개별 픽업 (아르헨티나/부에노스아이레스)
725,Argentina,El Calafate,48522,가이드 투어,[투어] 파타고니아 페리토 모레노 빙하 투어 :: 아르헨티나/엘 칼라파테
726,Argentina,buenos aires,33501,가이드 투어,[투어] 편안하고 안전한 시티 차량 투어(한인가이드) :: 아르헨티나/부에노스 아이레스
727,Brazil,Rio de Janeiro,66033,티켓/교통패스,SIMTONG 남미유심(플렉시롬 53개국 1GB/7Days 스타터팩)충전식 글로벌 유심
728,Argentina,buenos aires,79968,가이드 투어,부에노스 아이레스 : 바롤로 궁 가이드 투어 (입장권 포함)
729,Ecuador,Quito,77671,가이드 투어,키토 : 코토팍시 국립 공원 일일 투어 (출발 : 킨테 관광센터)
730,Ecuador,Quito,77670,가이드 투어,키토 : 코토팍시 국립 공원 일일 투어 (출발 : 버스투어 3번 정류장)
731,Ecuador,Quito,77668,티켓/교통패스,키토 : 시티투어 버스 탑승권 
732,Ecuador,Quito,77676,가이드 투어,키토 : 밤에 즐기는 시티 야경 투어 (호텔 픽업 포함)
733,Ecuador,Quito,77666,가이드 투어,키토 : 코토팍시 국립공원 & 킬로토아 일일 투어 (호텔 픽업 포함)
734,Ecuador,Quito,77673,가이드 투어,키토 : 적도 박물관 투어 (교통편 포함)
735,Ecuador,Quito,77665,가이드 투어,키토 : 코토팍시 국립공원 & 킬로토아 일일 투어
736,Ecuador,Quito,77667,티켓/교통패스,키토 : 시티투어 버스 탑승권 
737,Ecuador,Quito,77669,가이드 투어,키토 : 코토팍시 국립 공원 일일 투어 (출발 : 버스투어 1번 정류장)
738,Ecuador,Quito,77672,가이드 투어,키토 : 적도 박물관 투어 (교통 불포함)
739,Brazil,Rio de Janeiro,66033,티켓/교통패스,SIMTONG 남미유심(플렉시롬 53개국 1GB/7Days 스타터팩)충전식 글로벌 유심
740,Brazil,Rio de Janeiro,66033,티켓/교통패스,SIMTONG 남미유심(플렉시롬 53개국 1GB/7Days 스타터팩)충전식 글로벌 유심
741,Uruguay,Punta Del Este,79974,티켓/교통패스,푼타 델 에스테 : 카사푸에블로 박물관 우선 입장권
742,Uruguay,Montevideo,79850,가이드 투어,몬테비데오 : 팔라시오 살보 가이드 투어 (입장권 포함)
743,Chile,Santiago,68024,가이드 투어,산티아고 시내 워킹투어 (칠레/산티아고)
744,Chile,Santiago,75494,가이드 투어,"와인 산지 콜차구아 밸리 투어 [한인단독, 전용차량] (칠레/산티아고)"
745,Chile,Santiago,46975,가이드 투어,"칠레 안데스 산맥 + 수공예 예술품 마을 [한인단독, 전용차량] (칠레/산티아고)"
746,Chile,Santiago,46974,가이드 투어,"칠레 산티아고 전일 시내투어 [한인단독, 전용차량] (칠레/산티아고)"
747,Chile,Santiago,46972,가이드 투어,"칠레 발파라이소 한인단독 전용차량 투어 [한인단독, 전용차량] (칠레/산티아고)"
748,Chile,Santiago,75495,가이드 투어,"노벨 문학 수상 파블로 네루다 생가 투어 [한인단독, 전용차량] (칠레/산티아고)"
749,Chile,Santiago,46969,가이드 투어,"칠레 최대 콘차이토로 와이너리 + 시내투어 [한인단독, 전용차량] (칠레/산티아고)"
750,Chile,San Pedro de Atacama,58144,가이드 투어,[투어] 아타카마 사막 여행  3박 4일 (칠레/아타카마) 
751,Brazil,Rio de Janeiro,66033,티켓/교통패스,SIMTONG 남미유심(플렉시롬 53개국 1GB/7Days 스타터팩)충전식 글로벌 유심
752,Chile,Santiago,75499,여행편의,[픽업샌딩] 칠레 산티아고 공항 픽업 & 샌딩 (차량 선택 가능)
753,Brazil,Rio de Janeiro,66033,티켓/교통패스,SIMTONG 남미유심(플렉시롬 53개국 1GB/7Days 스타터팩)충전식 글로벌 유심
754,Costa Rica,San Jose,18398,액티비티,산호세 : 치리포 강에서 즐기는 급류 래프팅 투어
755,Costa Rica,San Jose,18400,가이드 투어,맥주의 도시 산호세에서의 수제맥주 펍 투어
756,Costa Rica,San Jose,18617,가이드 투어,"산호세 출발: 이라수 화산 국립공원, 카르타고 도시와 오로시 골짜기 여행"
757,Costa Rica,San Jose,18626,가이드 투어,산호세 출발 : 천혜의 자연 라파스 폭포로의 프라이빗 투어
758,Costa Rica,San Jose,18635,가이드 투어,산호세에서 떠나는 코스타리카 종일 투어
759,Costa Rica,San Jose,18634,가이드 투어,산호세에서 떠나는 토르투게로 국립공원으로의 신기한 투어!
760,Costa Rica,San Jose,18633,가이드 투어,산호세 출발: 신코 세이바스 보존지역과 어드벤처 공원 여행
761,Costa Rica,San Jose,18630,가이드 투어,산호세 출발 : 씬꼬 세이바스 케이폭나무 보존지역에서의 알찬 투어!
762,Costa Rica,San Jose,18628,가이드 투어,"산호세 출발 : 카르타고 유적, 이라수 화산과 사라피키 콤보 투어"
763,Colombia,Bogota,38676,여행편의, [공항픽업샌딩] 콜롬비아 보고타 공항~시내호텔 ((안전한 픽업/샌딩))  
764,Brazil,Rio de Janeiro,66033,티켓/교통패스,SIMTONG 남미유심(플렉시롬 53개국 1GB/7Days 스타터팩)충전식 글로벌 유심
765,Colombia,Medellín,77612,가이드 투어,메데인 출발 : 과타페 & 삐에드라 델 뻬뇰 보트 투어
766,Colombia,Medellín,77664,가이드 투어,메데인 : 커피 향 가득한 가이드 투어 (점심 식사 & 승마 포함)
767,Colombia,Medellín,77637,액티비티,메데인 : 안데스 산맥에서 즐기는 패러글라이딩 (호텔 픽업 포함)
768,Colombia,Medellín,77634,가이드 투어,메데인 : 마약왕 파블로 에스코바르 오전 투어 (호텔 픽업 포함)
769,Colombia,Medellín,77633,가이드 투어,메데인 : 마약왕 파블로 에스코바르 오후 투어 (호텔 픽업 포함)
770,Colombia,Medellín,77632,가이드 투어,메데인 : 마약왕 파블로 에스코바르 오후 투어
771,Colombia,Medellín,77663,가이드 투어,메데인 : 커피 향 가득한 가이드 투어 (점심 식사 포함)
772,Colombia,Medellín,77662,가이드 투어,메데인 : 메트로케이블 & 코무나 13 시티 투어
773,Cuba,La Habana,72908,가이드 투어,[투어] 전 국립 중앙 박물관 전문 해설사 안젤라와 함께 하는 쿠바 미술관 투어 (아바나)
774,Cuba,La Habana,71396,가이드 투어,[투어] 아바나 1박2일 투어 (한국인가이드) (쿠바/아바나)
775,Cuba,La Habana,71104,가이드 투어,[투어] 아바나 원데이 시티투어 (한국인가이드) (쿠바/아바나)
776,Cuba,La Habana,64912,가이드 투어,살사댄스 아카데미 체험클래스 (쿠바/아바나)
777,Cuba,La Habana,48618,즐길거리,[투어] 아바나 필수! 현지 선생님과 즐기는 살사수업 :: 쿠바/아바나
778,Cuba,La Habana,39089,가이드 투어,[투어] 올드 아바나 워킹투어 (한국어) :: 쿠바/아바나
779,Cuba,La Habana,39098,가이드 투어,[투어] 올드카 낭만투어 & 올드아바나 워킹투어 (한국어) :: 쿠바/아바나
780,Cuba,La Habana,39094,가이드 투어,[투어] 올드카(Old Car) 낭만투어 (한국어) :: 쿠바/아바나
781,Cuba,Varadero,79635,즐길거리,바라데로 : 카요 블랑코로 떠나는 크루즈 투어
782,Cuba,Varadero,79633,가이드 투어,바라데로 출발 : 구아마에서 즐기는 여유 가득 일일 투어
783,Panama,Panama city,38843,여행편의, [공항픽업샌딩] 파나마 파나마시티 공항~시내호텔 ((안전한 픽업/샌딩))  
784,Panama,Panama city,77802,가이드 투어,파나마시티 : 원숭이 섬 & 인디언 빌리지 투어
785,Panama,Panama city,77797,가이드 투어,파나마시티 : 파나마 운하가 포함된 반나절 시티 투어
786,Panama,Panama city,77795,가이드 투어,파나마시티 : 파나마 운하 크루즈 투어 (6시간)
787,Panama,Panama city,77806,여행편의,파나마시티 : 공항 - 호텔 왕복 이송 서비스
788,Panama,Panama city,77805,여행편의,파나마시티 : 호텔 → 공항 이송 서비스 (편도) 
789,Panama,Panama city,77804,여행편의,파나마시티 : 공항 → 호텔 이송 서비스 (편도) 
790,Panama,Panama city,77801,가이드 투어,파나마시티 : 미라플로레스 방문객 센터 & 파나마 운하 투어
791,Panama,Panama city,77798,가이드 투어,파나마시티 : 맛 따라 멋 따라 식도락 워킹 투어
792,Panama,Panama city,77796,가이드 투어,파나마시티 : 샤그레스 국립공원 & 엠베라 마을 투어
793,Peru,cusco,78076,가이드 투어,한국인가이드 / 잉카 최후의 도시 마추픽추+성스러운 계곡 1박2일 투어 (페루/쿠스코)
794,Peru,cusco,32978,가이드 투어,"[투어] 잉카의 살아있는 역사 ""마추픽추"" 데이투어 (페루/쿠스코)"
795,Peru,cusco,62948,가이드 투어,"[투어] 잉카제국의 마지막 요새 ""마추픽추"" 1박2일 (한국인가이드) (페루/쿠스코)"
796,Peru,cusco,59390,가이드 투어,[투어] 페루 퍼펙트 투어 8박 9일 (페루/쿠스코)
797,Peru,cusco,59726,가이드 투어,[투어] 남미 핵심 마추픽추-우유니 허니문 9박10일 (페루/쿠스코)
798,Peru,lima,47907,가이드 투어,[투어] 18~35세 전세계 외사친들과 여유로운 8일 페루 여행 어때요? :: 페루/리마
799,Peru,cusco,46851,가이드 투어,[투어] 페루 핵심 투어 6박7일 :: 페루/쿠스코
800,Peru,cusco,46849,가이드 투어,[투어] 쿠스코-마추픽추-우유니 투어 9박 10일 :: 페루/쿠스코
801,Brazil,Rio de Janeiro,66033,티켓/교통패스,SIMTONG 남미유심(플렉시롬 53개국 1GB/7Days 스타터팩)충전식 글로벌 유심
802,Peru,Arequipa,77065,가이드 투어,아레키파 : 콜카 캐니언 1박 2일 투어 (점심 & 입장료 포함)
803,New Zealand,Auckland,82157,가이드 투어,오클랜드 간단 시내투어(5시간 30분 소요)+쇼핑몰 쇼핑
804,New Zealand,Wellington,81431,가이드 투어,[한국어 개인가이드] 뉴질랜드 웰링턴 시티투어 7시간 소요 (최소2인/최대4인)
805,New Zealand,Queenstown,82007,가이드 투어,[한국인/단독 투어]핵심of핵심 북남섬 8박9일 완성(뉴질랜드/오클랜드/퀸스타운/로토루아)
806,New Zealand,Christchurch,60894,가이드 투어,뉴질랜드 남섬 영팩 백팩 3박4일 패키지 투어 [화요일 크라이스트처치 출발]
807,New Zealand,Christchurch,60398,가이드 투어,뉴질랜드 남섬 영팩 백팩 4박5일 패키지 투어 [화요일 크라이스트처치 출발/도착]
808,New Zealand,Auckland,73060,가이드 투어,[투어] 호빗마을 & 와이토모 동굴 & 블루스프링스 당일투어 (뉴질랜드/오클랜드)
809,New Zealand,Christchurch,74491,가이드 투어,(한국인 단독 투어) 핵심 of 핵심 - 남섬 4박5일 완성 (뉴질랜드/퀸스타운)
810,New Zealand,Auckland,68775,가이드 투어,[한국인/단독/2박3일]핵심of핵심 로토루아 타우포 반딧불&호빗튼:뉴질랜드/로토루아/타우포
811,New Zealand,Auckland,42361,티켓/교통패스,오클랜드 : 동물원 입장권
812,New Zealand,Queenstown,80046,티켓/교통패스,퀸스타운 : 피어 팩토리 귀신의 집 입장권
813,Fiji,Fiji,54853,가이드 투어,피지 : 티부아 아일랜드 캡틴 쿡 크루즈 일일 투어
814,Fiji,Fiji,66591,가이드 투어,피지 : 코랄 코스트 & 마을 학교 투어 (나디/데나라우 출발)
815,Australia,Melbourne,32119,가이드 투어,[투어][가을이벤트](매일)[+3월벤츠소그룹]절대가격/그레이트오션[런던브릿지]:호주/멜버른
816,Australia,Melbourne,12238,가이드 투어,"[투어]힘내라 한국/알차고편안한 소그룹여행/그레이트오션로드,12사도,런던브릿지:호주/멜버른"
817,Australia,Sydney,11314,가이드 투어,[투어] 특가! 포트스테판+와이너리&씨푸드뷔페+워킹투어&포포크림+비자무료! (호주/시드니)
818,Australia,Perth,70684,가이드 투어,[투어] (한인가이드) 퍼스 피너클스 선셋&별 데이투어 (호주/퍼스)
819,Australia,Melbourne,34083,가이드 투어,"[벤츠,최신 버스]*붉은노을아래* 모닝턴 온천 투어[멜번::오지나라]"
820,Australia,Melbourne,27766,가이드 투어,[멜번최대여행사/무료시티투어+] 조이투어와 떠나는 필립아일랜드 투어 가즈아 (호주/멜버른)
821,Australia,Melbourne,27850,가이드 투어,[절찬모집중] 여행고수들만 아는 여행지 그램피언즈 일일투어+시티투어(호주/멜버른)
822,Australia,Melbourne,27697,가이드 투어,[멜번최대여행사/무료시티투어+] 퍼핑빌리 증기기관차+단데농 마운틴 에코투어(호주/멜버른)
823,Australia,goldcoast,69583,티켓/교통패스,골드코스트 : 커럼빈 야생동물 공원 입장권
824,Australia,Sydney,25200,가이드 투어,[투어] 블루마운틴+킹스테이블+페더데일+무료워킹투어 Bonus 선물이벤트 :: 호주/시드니
825,Guam,Guam,63569,스냅촬영,[괌 별빛투어]  한가한 저녁시간에 괌의 별들을 사진으로! 
826,Guam,Guam,71826,가이드 투어,[괌 별빛투어] 괌 최고의 별 전문 가이드 괌켈리네와 함께 스냅별빛투어 떠나보세요!
827,Guam,Guam,61076,가이드 투어,[투어] 괌켈리네 괌 남부투어 
828,Guam,Guam,40989,가이드 투어,[단독투어] 에이미와 떠나는 괌 남부투어 사랑의 절벽 포함
829,Guam,Guam,28962,액티비티,업체직영/괌 유일_바다거북 체험 스쿠버다이빙 투어
830,Guam,Guam,25610,가이드 투어,"[괌] 김태광가이드와 함께하는  남부투어, 괌 로컬 분위기를 가장 잘 느낄 수 있는 투어"
831,Guam,Guam,73564,액티비티,[투어] 괌의 바닷속 여행을 떠납시다~! (미국/괌)
832,Guam,Guam,72791,액티비티,(괌 전용) 바다거북이 보트 스노클링 투어! 조우 확률 90% 이상!
833,Guam,Guam,22627,액티비티,[괌] 만족도 1위! 괌 오션벤처 돌핀 크루즈와 함께 맑고 깨끗한 바다에서 힐링하기!
834,United States of America,New York City,18452,여행편의,[전 공항] * 괌 사이판 / 미국 하와이 완전무제한 / 호주 포켓와이파이 플레이와이파이
835,Northern Mariana Islands,Saipan,11030,액티비티,[사이판] 마나가하섬 1일팩 (파라세일링+마나가하섬+보트)+아이스박스와 돗자리 포함
836,Northern Mariana Islands,Saipan,42005,액티비티,[투어] 사이판 그로토 해저동굴&랜드마크 (사진무료제공) :: 사이판  
837,Northern Mariana Islands,Saipan,66316,액티비티,[투어]사이판 필수코스! 마나가하섬 스노클링 즐기기 (사이판)
838,Northern Mariana Islands,Saipan,66325,액티비티,[투어] 사이판 그로토 체험 프리 다이빙&사이판 랜드마크 
839,Northern Mariana Islands,Saipan,62844,액티비티,[투어] 사이판 필수코스를 한번에 그로토 스노쿨링 + 별빛 투어 (사이판)
840,Northern Mariana Islands,Saipan,34635,액티비티,사이판 마나가하섬+씨워킹(수중사진 포함)+아이스박스와 돗자리 포함
841,Northern Mariana Islands,Saipan,28578,가이드 투어,[사이판] 사이판 별빛 투어 (야간 투어)
842,Northern Mariana Islands,Saipan,73082,가이드 투어,[투어] 사이판 북부관광 (단독 상품)
843,Guam,Guam,18452,여행편의,[전 공항] * 괌 사이판 / 미국 하와이 완전무제한 / 호주 포켓와이파이 플레이와이파이
844,Northern Mariana Islands,Saipan,24584,액티비티,[투어] 좋은후기많은 사이판 마나가하 +해양스포츠  (아이스박스&돗자리 무료제공) 
845,Palau,Koror,60548,액티비티,[투어] 서프&스노클링 투어 (팔라우/락아일랜드) 
846,Palau,Koror,61983,액티비티,[투어] 펀 다이빙 (팔라우/락아일랜드)
847,Palau,Koror,74584,가이드 투어,코로르 : 팔라우 빅 아일랜드 어드벤처 투어
848,Palau,Koror,74604,가이드 투어,팔라우 출발 : 마달레나제도 카타마란 보트 투어
849,Palau,Koror,74574,가이드 투어,코로르 : 오프로드 정글 어드벤처 (점심식사 포함)
850,Palau,Koror,74583,액티비티,코로르 : 스쿠버 다이빙 일일 투어
851,Palau,Koror,74582,액티비티,코로르 : 젤리피쉬 레이크 & 밀키 웨이 & 락 아일랜드 투어
852,Palau,Koror,66299,액티비티,[투어] 반나절(오후) 스노클링 투어 (팔라우/락아일랜드)
853,Palau,Koror,66234,액티비티,[투어] 반나절(오전) 카약 투어 (팔라우/락아일랜드)
854,Palau,Koror,62896,여행편의,[팔라우] 렌터카 24시간 이용권 (4인승 / 5인승 / 8인승)
855,Namibia,Windhoek,77696,여행편의,[QR코드 바로입장] 빈트후크 국제 공항 라운지 이용권 (WDH)
856,Nigeria,Abuja,75785,여행편의,[나이지리아 유심] 매일 200MB 3G데이터 무제한 
857,South Africa,Cape Town,65886,가이드 투어,[투어] 케이프타운 3일 관광지 베스트 투어 (남아공/케이프타운)
858,South Africa,Pretoria,74660,가이드 투어,[투어] 품격의 도시 프레토리아 탐방 2 (남아공/프레토리아)
859,South Africa,Johannesburg,73211,가이드 투어,[투어] 요하네스버그 탐방 (남아프리카 공화국/요하네스 버그)
860,South Africa,Pretoria,73197,가이드 투어,[투어] 아름다운 대통령궁과 개척자 박물관 탐방 (남아프리카 공화국/프레토리아)
861,South Africa,Pretoria,72104,가이드 투어,[투어] 품격의 도시 프레토리아 탐방 1 (남아공/프리토리아)
862,South Africa,Johannesburg,72262,가이드 투어,[투어] (2박3일) 불라이드 리버케년+쿠루거국립공원(사파리) 탐방(남아공/요하네스버그)
863,South Africa,Johannesburg,72169,가이드 투어,[투어] 생동감이 넘치는 요하네스버그로 GO!GO!GO! (남아공/요하네스버그)
864,South Africa,Cape Town,66270,가이드 투어,[투어] 케이프타운 2일 관광지 베스트 투어 (남아공/케이프타운)
865,South Africa,Cape Town,47278,가이드 투어,케이프타운 : 타운십(Townships) 현지 워킹 투어
866,South Africa,Cape Town,75039,즐길거리,케이프타운 : 채프먼스 피크 전기자전거 대여
867,Morocco,Casablanca,50468,가이드 투어,[투어] 사하라의 나라 모로코 핵심 10일 투어 (모로코/카사블랑카)
868,Morocco,Fes,47974,가이드 투어,"[투어] 요즘 핫한 모로코 5일 단기 여행, 외사친과 함께하기! :: 모로코/페스"
869,Morocco,Casablanca,10276,가이드 투어,외국인과 함께하는  모로코 일주 10일! 
870,Morocco,Casablanca,79469,가이드 투어,카사블랑카 : 고속 열차와 함께 즐기는 탕헤르 시티 투어
871,Morocco,Casablanca,79468,가이드 투어,카사블랑카 : 반나절 시티 투어 (4시간)
872,Morocco,Casablanca,79465,여행편의,카사블랑카 : 공항 프라이빗 편도 이송 서비스 (공항→호텔)
873,Morocco,Casablanca,79464,여행편의,카사블랑카 : 프라이빗 편도 이송 서비스 (카사블랑카→마라케시)
874,Morocco,Casablanca,79463,가이드 투어,카사블랑카 출발 : 카사블랑카 & 라바트 가이드 투어
875,Morocco,Casablanca,79462,가이드 투어,카사블랑카 : 현지인과 함께 즐기는 시티 투어 (4시간)
876,Morocco,Casablanca,79461,가이드 투어,카사블랑카 : 자동차 또는 미니밴으로 즐기는 시티 투어
877,Japan,Kagoshima,54733,스냅촬영,"[인천공항 수령/반납] 미러리스 카메라 1일 대여권, 캐논 M50"
878,Mauritius,Mauritius,53216,즐길거리,모리셔스 : 에그렛(Aigrettes) 섬에서 즐기는 선셋 크루즈 투어
879,Mauritius,Mauritius,53215,즐길거리,모리셔스 : 투르도두스 출발 1일 크루즈 투어
880,Mauritius,Mauritius,53211,가이드 투어,모리셔스: 8시간 도도 트레일 투어 (점심 제공)
881,Mauritius,Mauritius,53210,가이드 투어,[모리셔스] 남부 해안 프라이빗 투어
882,Mauritius,Mauritius,53219,가이드 투어,모리셔스: 르몽산(UNESCO 자연 유산) 친환경 하이킹
883,Mauritius,Mauritius,53214,가이드 투어,모리셔스: 블랙리버 해안에서 돌고래와 수영하고 고래를 볼 수 있는 스피드보트 투어
884,Mauritius,Mauritius,53213,가이드 투어,모리셔스: 라 바닐(La Vanille) & 생토뱅(Saint Aubin) 종일투어
885,Mauritius,Mauritius,53212,가이드 투어,모리셔스: 남동부 라군 스피드 보트 종일 단체 투어
886,Mauritius,Mauritius,53217,가이드 투어,모리셔스: 일 데 뒤 코코스 종일 투어(이동편 제공)
887,Algeria,Algiers,75759,여행편의,[알제리 유심] 매일 LTE 200MB 데이터 무제한
888,Egypt,Cairo,70775,가이드 투어,"기자 피라미드, 사카라 및 멤피스 하루 투어 (이집트/카이로)"
889,Egypt,Cairo,70785,가이드 투어,"이집트 박물관과 성채,올드 카이로 그리고 칸 칼릴리 시장 투어 (이집트/카이로)"
890,Egypt,Cairo,69757,가이드 투어,"[투어] 피라미드와 스핑크스, 그리고 이집트 박물관의 온종일 여행 (이집트/카이로)"
891,Egypt,Cairo,21042,가이드 투어,특별한 인생 이집트 7박 8일 여행!
892,Egypt,Cairo,78441,가이드 투어,"카이로 : 엘 모에즈 거리, 카이로 타워 및 엘 피샤위 카페 투어"
893,Egypt,Cairo,78439,가이드 투어,카이로 : 푸드 투어
894,Egypt,Cairo,78438,레스토랑,카이로 : 5성급 럭셔리 나일 맥심 디너 크루즈
895,Egypt,Cairo,78437,가이드 투어,카이로 : 사진 작가와 함께하는 로맨틱 반나절 피라미드 투어
896,Egypt,Cairo,78435,가이드 투어,카이로 : 알렉산드리아 고고학 종일 투어 
897,Egypt,Sharm el sheikh,77596,여행편의,샤름 엘 셰이크 : 호텔 - 공항 왕복 프라이빗 이송 서비스
898,Zambia,Livingstone,77854,즐길거리,리빙스턴 : 빅토리아 폭포 헬리콥터 투어 (22분)
899,Zambia,Livingstone,77845,가이드 투어,데빌스 풀 & 리빙스턴 아일랜드 투어 (애프터눈 티 포함)
900,Zambia,Livingstone,77842,액티비티,빅토리아 폴스 : 초경량 비행기 탑승권 (30분)
901,Zambia,Livingstone,77841,액티비티,빅토리아 폴스 : 초경량 비행기 오후 비행 탑승권 (15분)
902,Zambia,Livingstone,77839,가이드 투어,빅토리아 폴스 : 프라이빗 가이드 투어
903,Zambia,Livingstone,77840,액티비티,빅토리아 폴스 : 초경량 비행기 오전 비행 탑승권 (15분)
904,Zambia,Livingstone,77843,액티비티,리빙스턴 : 잠베지강 래프팅 반나절 체험
905,Zambia,Livingstone,77844,가이드 투어,데빌스 풀 & 리빙스턴 아일랜드 투어
906,Zambia,Livingstone,77847,즐길거리,빅토리아 폴스 : 잠베지강 일몰 크루즈
907,Zambia,Livingstone,77849,여행편의,호텔 → 빅토리아 폴스 공항 프라이빗 이동 서비스
908,Kenya,Nairobi,48333,가이드 투어,[투어] 전세계 가족들과 14일동안 안전하게 아프리카 여행하기 :: 케냐/나이로비
909,Kenya,Nairobi,21092,가이드 투어,일주일간 즐기는 특별한 케냐 여행 (현지인 가이드)
910,Kenya,Nairobi,75754,여행편의,[케냐 유심] 매일 200MB 3G데이터 무제한 
911,South Africa,Johannesburg,66032,여행편의,SIMTONG 충전식 글로벌유심(플렉시롬 53개국 1GB/7Days 스타터팩)
912,Kenya,Nairobi,36492,가이드 투어,다양한 야생동물을 만나는 '나이로비 국립 공원' 가이드 투어
913,Kenya,Nairobi,36110,가이드 투어,나이로비 국립 공원 & 코끼리 고아원 반일 투어
914,Kenya,Nairobi,36109,가이드 투어,나이로비 : 마사이 소규모 그룹 투어 (비영리 단체 지원)
915,Kenya,Nairobi,36108,가이드 투어,야생 동물을 가까이 만나볼 기회! '나이로비 국립 공원 가이드 투어'
916,"Tanzania, United Republic of",Moshi,49568,가이드 투어,[투어] 탄자니아 야생동물 사파리 투어 (3일) :: 탄자니아/아루샤
917,"Tanzania, United Republic of",Moshi,49564,가이드 투어,[투어] 킬리만자로 트래킹 (3일) :: 탄자니아/모시
918,"Tanzania, United Republic of",Moshi,41643,가이드 투어,[투어] 세렝게티 야생동물 사파리 투어 (6일) :: 탄자니아/아루샤
919,"Tanzania, United Republic of",Moshi,41883,가이드 투어,[투어] 킬리만자로 트래킹/등반 (6일) :: 탄자니아/모시
920,"Tanzania, United Republic of",Moshi,41903,가이드 투어,[투어] 탄자니아 정부기관 맞춤 비즈니스 투어(모시/도도마/다르살렘) :: 탄자니아/모시
921,South Africa,Johannesburg,66032,여행편의,SIMTONG 충전식 글로벌유심(플렉시롬 53개국 1GB/7Days 스타터팩)
